Time,P (deg/s),Q (deg/s),R (deg/s),P dot (deg/s^2),Q dot (deg/s^2),R dot (deg/s^2),P_{inertial} (deg/s),Q_{inertial} (deg/s),R_{inertial} (deg/s),q bar (psf),Reynolds Number,V_{Total} (ft/s),V_{Inertial} (ft/s),UBody,VBody,WBody,UdotBody,VdotBody,WdotBody,UdotBody_i,VdotBody_i,WdotBody_i,BodyAccel_X,BodyAccel_Y,BodyAccel_Z,Aero V_{X Body} (ft/s),Aero V_{Y Body} (ft/s),Aero V_{Z Body} (ft/s),V_{X_{inertial}} (ft/s),V_{Y_{inertial}} (ft/s),V_{Z_{inertial}} (ft/s),V_{X_{ecef}} (ft/s),V_{Y_{ecef}} (ft/s),V_{Z_{ecef}} (ft/s),V_{North} (ft/s),V_{East} (ft/s),V_{Down} (ft/s),I_{xx},I_{xy},I_{xz},I_{yx},I_{yy},I_{yz},I_{zx},I_{zy},I_{zz},Mass,Weight,X_{cg},Y_{cg},Z_{cg},Altitude ASL (ft),Altitude AGL (ft),Phi (deg),Theta (deg),Psi (deg),Q(1)_{LOCAL},Q(2)_{LOCAL},Q(3)_{LOCAL},Q(4)_{LOCAL},Q(1)_{ECEF},Q(2)_{ECEF},Q(3)_{ECEF},Q(4)_{ECEF},Q(1)_{ECI},Q(2)_{ECI},Q(3)_{ECI},Q(4)_{ECI},Alpha (deg),Beta (deg),Latitude (deg),Latitude Geodetic (deg),Longitude (deg),X_{ECI} (ft),Y_{ECI} (ft),Z_{ECI} (ft),X_{ECEF} (ft),Y_{ECEF} (ft),Z_{ECEF} (ft),Earth Position Angle (deg),Distance AGL (ft),Terrain Elevation (ft),navigation/actual-heading-rad,propulsion/tank[0]/contents-volume-gal,propulsion/tank[1]/contents-volume-gal,systems/mixture-cmd-norm,guidance/wp-heading-rad,guidance/wp-distance,guidance/wp-heading-deg,guidance/selected_target_heading,guidance/angle-to-heading-rad,ap/roll-control-autopilot-on,ap/roll-autopilot-windup-trigger,ap/limited-roll-angle-rad,ap/roll-attitude-selector,ap/limited-roll-angle-error,ap/roll-rate-pid-control,ap/total-limited-roll-rate,ap/roll-rate-saturation,ap/limited-roll-rate-error,ap/roll-command-pid-control,ap/roll-cmd-smoother,ap/roll-cmd-norm-output,ap/roll-command-selector-steering,fcs/attitude/sensor/phi-rad,fcs/wing-leveler-ap-on-off,fcs/roll-ap-error-pid,fcs/roll-ap-autoswitch,fcs/heading-true-degrees,fcs/heading-error,fcs/heading-error-bias-switch,fcs/heading-corrected,fcs/heading-command,fcs/heading-roll-error-lag,fcs/heading-roll-error,fcs/heading-roll-error-switch,fcs/heading-pi-controller,fcs/roll-command-selector,fcs/altitude-error,fcs/alt-error-lag,fcs/hdot-command,fcs/hdot-error,fcs/ap-alt-hold-switch,fcs/windup-trigger,fcs/altitude-hold-pid,fcs/elevator,fcs/pitch-trim-sum,fcs/elevator-control,fcs/elevator-actuator,fcs/roll-trim-sum,fcs/left-aileron-control,fcs/left-aileron-actuator,fcs/right-aileron-control,fcs/right-aileron-actuator,fcs/delta-aileron-pos,fcs/effective-aileron-pos,fcs/yaw-trim-sum,fcs/rudder-control,fcs/flaps-control,fcs/flap-position-normalizer,IO320 Power Available (engine 0 in ft-lbs/sec),IO320 HP (engine 0),IO320 equivalent ratio (engine 0),IO320 MAP (engine 0 in inHg),Fixed-Pitch 75-inch Two-Blade Propeller Torque (engine 0),Fixed-Pitch 75-inch Two-Blade Propeller PFactor Pitch (engine 0),Fixed-Pitch 75-inch Two-Blade Propeller PFactor Yaw (engine 0),Fixed-Pitch 75-inch Two-Blade Propeller Thrust (engine 0 in lbs),Fixed-Pitch 75-inch Two-Blade Propeller RPM (engine 0),Fuel Tank 0,Fuel Tank 1,/fdm/jsbsim/position/vrp-gc-latitude_deg,/fdm/jsbsim/position/vrp-longitude_deg,/fdm/jsbsim/position/vrp-radius-ft,velocities/pi-deg_sec
0,0,0,0,20.31677620206575,180.1486645425659,-2.228460197239366,0.003336758365617214,-2.319297050102033e-19,-0.002514427780625232,46.00531013,6019874.471,202.537182852,1236.94471046,202.5371828521435,8.339143895804349e-14,2.842170943040401e-14,-3.874594076700667,0.01777670619024841,6.04394776456471,1.292052220088948,2.237900091226248,-6.731726980533333,-3.874623551478725,-1.482733816552096e-14,-26.09926472562122,202.5371828521435,8.339143895804349e-14,2.842170943040401e-14,1117.71275808995,-504.5654062203771,161.7533863306634,60.94495969365677,105.5597666546507,161.7533863306634,202.5371828521435,1.0587758333256e-13,6.215092599217878e-14, 2095.734879,-10.78165492, 13.55483334,-10.78165492, 1505.011878, 3.979907608, 13.55483334, 3.979907608, 3150.439301,77.08075536,2480,45.48951612903226,4.22741935483871,35.42701612903226,1968.503937006,1968.4936990173,4.137607476094176e-15,-9.54166404439055e-15,4.450606636595477e-15,1,3.610743680648798e-17,-8.326672684688674e-17,3.883886975985091e-17,-0.2230989065549045,0.7750358918669625,0.4474671808010126,0.3864186412661556,-0.2230989065549045,0.7750358918669625,0.4474671808010126,0.3864186412661556,8.040222412386e-15,2.359061892999e-14,36.815219351243,37,-120,-8366916.496448943,-14491924.47453576,12525440.44431168,-8366916.496448943,-14491924.47453576,12525440.44431168,0,1968.4936990173,0,0.003,19.6969697,19.6969697,0.930549287,1.23345675,41452307.7,70.6770719,1.23345675,1.23045675,0,1,0.523,0,-7.22148736e-17,-2.16644621e-15,0.348,0,-2.16644621e-15,-5.41611552e-15,-1.59297515e-15,0,0,0,-1,3.61074368e-15,0,4.45093447e-15,-4.45093447e-15,0,-4.45093447e-15,-7.76688066e-17,-1.6147361e-19,-7.23763472e-17,0,0,0,-100,-0.414937759,-0.041624465,-0.041624465,0,0,0,-0,0,0,0.002,0,0,0,0,0,0,0,0,0,0,0,-825,-1.5,1.29953,29.9213,0,0,0,-0,0,130,130,36.8152200135458187,-120.000001206205425,20902340.4342935495,0.00333675836561721445
0.1,0.01036338376188575,0.000847446128558181,7.973055233781157e-05,0.1998074177631916,0.02703933920189007,0.003589099690762504,0.0137060771723933,0.0008545396182820278,-0.002426791719730187,46.00551278,6019887.729,202.537628963,1236.94570803,202.5370630166644,0.0004675584657421461,0.4788008769095313,0.01397019332886751,-7.267355489060101e-05,0.002427380683755587,0.03316531954808433,0.09275700221475347,0.01152369004213938,0.08996906991109425,0.07331169924733792,-32.14361240320898,202.5370630166643,0.0004675584657424072,0.4788008769095018,1117.717374309296,-504.5575073005123,161.7537561060317,60.9466663399724,105.559070635683,161.7537561071764,202.5376289552701,0.001826009877883822,-0.0002190559856181107, 2095.730178,-10.78165115, 13.55485471,-10.78165115, 1505.011551, 3.979943592, 13.55485471, 3.979943592, 3150.434802,77.0807052,2479.998386,45.48951449518259,4.227422106088285,35.42700052715882,1968.5039481893,1968.4937101918,-0.1621486413470607,0.1355089445833474,9.718284611682347e-07,0.9999982996713861,-0.001415012383020827,0.001182537152952246,1.681788353889434e-06,-0.2225314209382035,0.774894247610265,0.4466546156885646,0.3879669135417199,0.2225328354862353,-0.7748926190772738,-0.4466574409942499,-0.3879661021764991,0.13544789265421,0.00013226740581417,36.815274868813,37.000055621599,-119.99999999938,-8366804.724867086,-14491974.93073351,12525456.61965925,-8366910.401792404,-14491913.91864597,12525456.61965925,0.00041780741322404,1968.4937101918,-3.2587632305982e-09,0.00300001696,19.6968474,19.6968474,0.930549286,1.23345635,41452301,70.677049,1.23345635,1.23045634,0,1,0.523,0,0.00283002767,0.0848854802,0.348,0,0.0847319835,0.211829959,0.212012197,0,0,-0.00153398437,-1,-0.138891904,0,9.71900047e-07,-9.71900047e-07,0,-9.71900047e-07,-1.69596558e-08,-0.000316584586,0.00251344308,0,0,0,-100,-98.4301373,-9.87401534,-9.87423439,0,0,0,-0,0.252071565,0.101168922,0.103168922,-0.0584576228,-0.0204017104,-0.0204017104,0.0153012828,0.0153012828,-0.0357029931,-0.0178514966,-0.00677091057,-0.00189043823,0,0,88520.1,160.946,1.29953,22.7595,316.633,0.000472602,0.657269,353.484,2670.08,129.999,129.999,36.81527552945591,-120.000001208058833,20902340.3685599528,0.0137060771723932998
0.2,0.03520836138680665,0.005908256744252019,0.0009620918554412362,0.2925934417115295,0.07976512609827519,0.01648535543884663,0.03855106674212052,0.005915256304910094,-0.001544414751327972,46.00695329,6019981.973,202.540799957,1236.94540281,202.5402323280592,0.0004046241322173683,0.4795159289352569,0.05306554113891515,-0.001911830562418226,0.01509551075538695,0.04372962378762146,0.1089425981795173,0.04597058307903268,0.1292911507767129,0.07320722303462973,-32.14883646538209,202.540232328059,0.0004046241322176284,0.4795159289352274,1117.721181181499,-504.5474642373338,161.7564434727771,60.94756373636046,105.5605187360055,161.7564434873687,202.5407999562321,0.001879129129052925,-0.0006730805075584323, 2095.724936,-10.78164702, 13.55487812,-10.78164702, 1505.011191,  3.97998301, 13.55487812,  3.97998301, 3150.429781,77.08064921,2479.996585,45.48951267172516,4.227425176619563,35.42698311469259,1968.5039884634,1968.4937504546,-0.1600521137536761,0.135837605695726,3.81926280993062e-05,0.9999983220118336,-0.001396717139549765,0.001185404834293101,1.988971205324498e-06,-0.2225467899640954,0.7748894003122127,0.4466609265311818,0.3879605138568786,0.2225496190087713,-0.774886143196044,-0.4466665770977317,-0.3879588910061357,0.13564805021548,0.00011446214821981,36.815330386823,37.000111243638,-119.99999999874,-8366692.952948191,-14492025.38599572,12525472.79514044,-8366904.307089782,-14491903.36268014,12525472.79514044,0.00083561482644808,1968.4937504546,-3.2587631999874e-09,0.00300066659,19.696711,19.696711,0.930549285,1.23345595,41452294.3,70.6770261,1.23345595,1.23045529,0,1,0.523,0,0.00279343636,0.0837458175,0.348,0,0.0831731188,0.207932797,0.20847434,0,0,-0.00153398437,-1,-0.129935363,0,3.81954414e-05,-3.81954414e-05,0,-3.81954414e-05,-6.66510453e-07,-0.000301155688,0.00249228067,0,0,0,-100,-98.5795303,-9.88900165,-9.88967473,0,0,0,-0,0.252071565,0.101168922,0.103168922,-0.0584576228,-0.0204017104,-0.0204017104,0.0153012828,0.0153012828,-0.0357029931,-0.0178514966,-0.00677091057,-0.00189043823,0,0,91120.5,165.674,1.29953,23.1808,325.111,9.55431e-05,0.662541,356.523,2677.15,129.998,129.998,36.8153310474615054,-120.000001207396764,20902340.303296607,0.0385510667421205197
0.3,0.06659435743073286,0.01624285483925348,0.003465307457421753,0.3327182092641075,0.1291433409547815,0.03605362464085603,0.0699371075663018,0.01624962756553627,0.0009588599481558813,46.01060222,6020220.691,202.548832196,1236.9460747,202.5482589862463,-2.833758497244876e-06,0.4818769612533771,0.1099984597506133,-0.007754482767644094,0.03592139833033769,0.05688166037676723,0.1263270881394263,0.1010196229731477,0.1869166664478243,0.07318455551400778,-32.16455061011836,202.5482589862461,-2.833758496986738e-06,0.4818769612533476,1117.726203161432,-504.5356833950871,161.7636258791539,60.94967637485174,105.5637045363022,161.7636258872726,202.5488321781833,0.002115829021942675,-0.002145172832544839, 2095.719574, -10.7816428, 13.55490206, -10.7816428, 1505.010822, 3.980023331, 13.55490206, 3.980023331, 3150.424645,77.08059194,2479.994742,45.48951080646674,4.227428317539787,35.42696530306248,1968.5041161962,1968.4938781742,-0.1551263294303347,0.1369168632815342,0.0002302591504549639,0.9999983699056112,-0.001353733623651479,0.001194820933592008,3.626859601108502e-06,-0.2225847434111179,0.7748771299513785,0.4466742964843092,0.3879478552101617,0.2225889868372008,-0.7748722441085659,-0.4466827721949684,-0.387945420514608,0.13631054728858,-8.0159633742028e-07,36.815385906328,37.000166867174,-119.99999999807,-8366581.180589979,-14492075.84016768,12525488.97109794,-8366898.212238782,-14491892.80648355,12525488.97109794,0.0012534222396721,1968.4938781742,3.2587631693757e-09,0.00300401878,19.6965714,19.6965714,0.93054928,1.23345555,41452287.6,70.6770032,1.23345555,1.23045154,0,1,0.523,0,0.00270746521,0.0811125218,0.348,0,0.0799983094,0.199995774,0.200963259,0,0,-0.00153398437,-1,-0.116429427,0,0.000230276112,-0.000230276112,0,-0.000230276112,-4.01831815e-06,-0.000286566227,0.00242089898,0,0,0,-100,-98.7147066,-9.90256173,-9.9047069,0,0,0,-0,0.252071565,0.101168922,0.103168922,-0.0584576228,-0.0204017104,-0.0204017104,0.0153012828,0.0153012828,-0.0357029931,-0.0178514966,-0.00677091057,-0.00189043823,0,0,93591.3,170.166,1.29953,23.5615,332.695,-0.000614227,0.671646,360.984,2687.27,129.997,129.997,36.8153865669563203,-120.00000120664447,20902340.2381395437,0.0699371075663017955
0.4,0.1007338838519922,0.03093389018957788,0.008107145177711429,0.3489594569919971,0.1651123592264797,0.0589865819686232,0.1040767332329588,0.03094027223128795,0.005600829008057724,46.01713031,6020647.736,202.563201858,1236.9481481,202.5626178664795,-0.00122920954548783,0.4864034997570172,0.1787928740219309,-0.01907701065326856,0.05868692131864606,0.0699630172173844,0.1395411597363463,0.173675234626927,0.2571411210065483,0.07337086759237131,-32.19373632010379,202.5626178664793,-0.001229209545487575,0.4864034997569878,1117.732552770095,-504.5223399463939,161.777223540689,60.95311683577636,105.5684528490138,161.7772235597476,202.5632017662679,0.002721200960942329,-0.00586720651590289, 2095.714096,-10.78163849, 13.55492653,-10.78163849, 1505.010446, 3.980064525, 13.55492653, 3.980064525, 3150.419398,77.08053343,2479.99286,45.4895089007932,4.22743152651528,35.42694710550239,1968.5044923313,1968.4942542902,-0.1469146521202736,0.1392412311055591,0.000764610224500523,0.9999984398907783,-0.001282079009536934,0.001215099116352599,8.230329164168843e-06,-0.2226509293297409,0.7748556099850002,0.4466940335686846,0.3879301325902559,0.2226565869656089,-0.7748490952235719,-0.4467053341881333,-0.3879268853518794,0.13758122997325,-0.00034768664025947,36.815441428878,37.000222493758,-119.99999999725,-8366469.407663099,-14492126.29307988,12525505.14807977,-8366892.117110041,-14491882.24988672,12525505.14807977,0.0016712296528962,1968.4942542902,0,0.00301334497,19.6964288,19.6964288,0.930549268,1.23345515,41452280.9,70.6769803,1.23345515,1.23044181,0,1,0.523,0,0.0025641444,0.0767535492,0.348,0,0.0750460415,0.187615104,0.1890358,0,0,-0.00153398437,-1,-0.0991741476,0,0.000764666547,-0.000764666547,0,-0.000764666547,-1.33434312e-05,-0.000272983697,0.0022911607,0,0,0,-100,-98.8370191,-9.91483113,-9.92069834,0,0,0,-0,0.252071565,0.101168922,0.103168922,-0.0584576228,-0.0204017104,-0.0204017104,0.0153012828,0.0153012828,-0.0357029931,-0.0178514966,-0.00677091057,-0.00189043823,0,0,95929.9,174.418,1.29953,23.9052,339.483,-0.00218999,0.684812,366.443,2699.49,129.996,129.996,36.8154420894873908,-120.00000120569878,20902340.1732527614,0.104076733232958782
0.5,0.1359732779306825,0.04853610971850671,0.01507819556007048,0.3554397641734389,0.1865582808181294,0.08216645557419873,0.1393162972349141,0.04854191590623653,0.01257210464430504,46.02696829,6021291.225,202.584856408,1236.95199077,202.5842563943473,-0.003850977062550859,0.4930439384691994,0.2548812961734234,-0.03633942826507176,0.07844139312134502,0.08186519929992997,0.1461823442980368,0.2601872933750116,0.3355957594414445,0.07388774787044711,-32.23624486431945,202.5842563943472,-0.003850977062550606,0.4930439384691698,1117.740155915023,-504.5079927377543,161.7988152002225,60.95781104561681,105.5742047842657,161.7988152360647,202.5848559626837,0.003910540681068015,-0.01320544416670943, 2095.708506,-10.78163409, 13.55495149,-10.78163409, 1505.010061, 3.980106556, 13.55495149, 3.980106556, 3150.414044,77.08047373,2479.990939,45.48950695633233,4.227434800804997,35.42692853755634,1968.5054103173,1968.4951722637,-0.1352288861184095,0.1431815955906809,0.001866022374921213,0.999998522954922,-0.001180113804975062,0.001249474723496178,1.775861493130198e-05,-0.2227488211749138,0.7748240942054091,0.4467185269745071,0.3879086792831332,0.2227558928195087,-0.7748159502873464,-0.4467326521559719,-0.3879046184346778,0.13944460204284,-0.0010891472176693,36.815496956355,37.000278125271,-119.99999999614,-8366357.63403758,-14492176.74460204,12525521.32680952,-8366886.021573566,-14491871.69275936,12525521.32680952,0.0020890370661202,1968.4951722637,-3.2587631081463e-09,0.00303256823,19.6962832,19.6962832,0.930549236,1.23345475,41452274.2,70.6769574,1.23345475,1.23042219,0,1,0.523,0,0.00236018931,0.0705734633,0.348,0,0.0682519268,0.170629817,0.172514471,0,0,-0.00153398437,-1,-0.0785327598,0,0.00186615983,-0.00186615983,0,-0.00186615983,-3.2564489e-05,-0.000260745272,0.00209944403,0,0,0,-100,-98.947692,-9.92593237,-9.93913781,0,0,0,-0,0.252071565,0.101168922,0.103168922,-0.0584576228,-0.0204017104,-0.0204017104,0.0153012828,0.0153012828,-0.0357029931,-0.0178514966,-0.00677091057,-0.00189043823,0,0,98134.8,178.427,1.29953,24.2156,345.559,-0.00544313,0.70175,372.566,2713.06,129.995,129.995,36.8154976169339676,-120.000001204391197,20902340.1089302078,0.139316297234914122
0.6,0.1716719568342538,0.06774623754131186,0.02427514906995857,0.3585102021574934,0.1970635809046708,0.1029089457408835,0.175015226717322,0.06775126601300835,0.02176939076870729,46.04036139,6022167.104,202.614334388,1236.95792373,202.6137138832692,-0.008445798525832299,0.5013725463807788,0.3346163344705732,-0.05903636034646859,0.09274640817610447,0.09249917262247465,0.1457507686847919,0.3563364983573578,0.4187535139586323,0.07484086353057712,-32.2899192545805,202.6137138832691,-0.008445798525832049,0.5013725463807492,1117.748883727159,-504.4933361922934,161.8295762560755,60.96363013186183,105.5802658887384,161.8295763149622,202.6143327460297,0.005919468483953357,-0.02539906195910147,  2095.70281, -10.7816296, 13.55497692, -10.7816296,  1505.00967, 3.980149385, 13.55497692, 3.980149385, 3150.408588,77.08041289,2479.988981,45.48950497489518,4.227438137359282,35.42690961651837,1968.5072955564,1968.4970574858,-0.11999309218056,0.1489666059648717,0.003765315619206594,0.9999986062635214,-0.001047178907861516,0.001299943387748193,3.421978737890474e-05,-0.2228805958534414,0.7747825530663341,0.4467460240748511,0.3878842940827627,0.2228890812823013,-0.7747727797401431,-0.4467629733614551,-0.3878794181624434,0.14177950587625,-0.0023883236679711,36.815552490839,37.000333763797,-119.99999999448,-8366245.859594448,-14492227.19466811,12525537.50814888,-8366879.925510361,-14491861.13503545,12525537.50814888,0.0025068444793442,1968.4970574858,-6.5175261550527e-09,0.00306571715,19.696135,19.696135,0.930549172,1.23345436,41452267.5,70.6769345,1.23345436,1.23038864,0,1,0.523,0,0.00209427454,0.0625337179,0.348,0,0.0595895908,0.148973977,0.151327323,0,0,-0.00153398437,-1,-0.0546456289,0,0.00376559298,-0.00376559298,0,-0.00376559298,-6.57095975e-05,-0.000250367672,0.00184390687,0,0,0,-100,-99.0478329,-9.93597613,-9.96137519,0,0,0,-0,0.252071565,0.101168922,0.103168922,-0.0584576228,-0.0204017104,-0.0204017104,0.0153012828,0.0153012828,-0.0357029931,-0.0178514966,-0.00677091057,-0.00189043823,0,0,100205,182.192,1.29953,24.4957,351,-0.0113112,0.721734,379.086,2727.4,129.994,129.994,36.8155531513797243,-120.000001202477364,20902340.0455962531,0.175015226717322031
0.7,0.2076254768363975,0.08766089999168396,0.03535581611267422,0.3606890585724807,0.2006818658842378,0.1191944774610222,0.2109690829804008,0.08766493526874498,0.03285050472986806,46.05740835,6023281.696,202.651851201,1236.96622995,202.6512067771004,-0.01550272276762579,0.5108292399625469,0.4151614706673444,-0.0858668207574915,0.1013089095389432,0.1022731149993099,0.1386979425041801,0.4581143716703231,0.5038379937722395,0.07630908186512617,-32.35187147822223,202.6512067771002,-0.01550272276762554,0.5108292399625174,1117.758627492373,-504.4790597132422,161.8702660116832,60.97046531844774,105.5859466748335,161.8702660116833,202.6518463481909,0.008998526022140851,-0.04342531149227502, 2095.697013,-10.78162504, 13.55500281,-10.78162504, 1505.009271, 3.980192971, 13.55500281, 3.980192971, 3150.403035,77.08035098,2479.986989,45.48950295842129,4.227441532912174,35.42689036090925,1968.5106848888,1968.5004467869,-0.1011720728068028,0.1567121163727714,0.006672207341865862,0.999998673359674,-0.0008829715770943503,0.001367518835363652,5.94333344291657e-05,-0.2230476410058592,0.7747313287790696,0.4467749980967352,0.3878572148685662,0.2230575399811627,-0.7747199257554152,-0.4467947709560223,-0.3878515220305727,0.14442695889262,-0.0043830864665188,36.815608034517,37.000389411519,-119.99999999196,-8366134.084227022,-14492277.643282,12525553.69305612,-8366873.828813725,-14491850.57671891,12525553.69305612,0.0029246518925683,1968.5004467869,0,0.00311645199,19.695984,19.695984,0.930549057,1.23345396,41452260.8,70.6769116,1.23345396,1.2303375,0,1,0.523,0,0.00176578578,0.0526162791,0.348,0,0.049044966,0.122612415,0.125437498,0,0,-0.00153398437,-1,-0.0275492528,0,0.00667269883,-0.00667269883,0,-0.00667269883,-0.000116438595,-0.000242531526,0.00152325426,0,0,0,-100,-99.1384441,-9.94506242,-9.98848774,0,0,0,-0,0.252071565,0.101168922,0.103168922,-0.0584576228,-0.0204017104,-0.0204017104,0.0153012828,0.0153012828,-0.0357029931,-0.0178514966,-0.00677091057,-0.00189043823,0,0,102142,185.713,1.29953,24.7484,355.873,-0.020708,0.743837,385.796,2742.05,129.993,129.993,36.8156086950115906,-120.000001199630532,20902339.9837858304,0.210969082980400874
0.8,0.2437872483014259,0.1077410559883643,0.047809025431553,0.3626884621179779,0.2004471517146695,0.1297246757837951,0.2471312781957302,0.1077438719858624,0.04530427802100361,46.07809503,6024633.91,202.697373194,1236.97716227,202.6967023299177,-0.02535333068175581,0.5208853219686205,0.4943434466326798,-0.1149743767686533,0.1049939118444954,0.1117074604256629,0.1257531195497386,0.5621211280929117,0.5886976177004521,0.07833606851483417,-32.41934285599014,202.6967023299175,-0.02535333068175556,0.5208853219685909,1117.769327350469,-504.4657894855207,161.9212711644873,60.97825674827864,105.5906210236063,161.9212711644874,202.6973613530081,0.01340893587700838,-0.06797397886756651, 2095.691122, -10.7816204, 13.55502911, -10.7816204, 1505.008866,  3.98023727, 13.55502911,  3.98023727, 3150.397392,77.08028805,2479.984965,45.4895009089292,4.227444984064603,35.42687079000449,1968.5161983632,1968.5059602204,-0.07874225093715118,0.1664607365309398,0.01075444308327442,0.9999987043240685,-0.0006872913184059368,0.001452578613989769,9.484829144259968e-05,-0.2232508364876168,0.7746708637028084,0.4468043103574504,0.387827313612035,0.2232621487181283,-0.7746578307796111,-0.4468269061234779,-0.3878208015639603,0.14723705181689,-0.0071665400767765,36.815663589596,37.000445070645,-119.99999998817,-8366022.307837134,-14492328.09051365,12525569.88254626,-8366867.731385478,-14491840.01787972,12525569.88254626,0.0033424593057923,1968.5059602204,-3.25876301627e-09,0.00318770044,19.6958307,19.6958307,0.930548869,1.23345356,41452254,70.6768887,1.23345356,1.23026585,0,1,0.523,0,0.00137431154,0.0408088943,0.348,0,0.0366067318,0.0915168294,0.0948164118,0,0,-0.00153398437,-1,0.00276124972,0,0.0107552353,-0.0107552353,0,-0.0107552353,-0.000187678855,-0.000238045971,0.00113626557,0,0,0,-100,-99.2204324,-9.95328161,-10.0212556,0,0,0,-0,0.252071565,0.101168922,0.103168922,-0.0584576228,-0.0204017104,-0.0204017104,0.0153012828,0.0153012828,-0.0357029931,-0.0178514966,-0.00677091057,-0.00189043823,0,0,103948,188.996,1.29953,24.9763,360.24,-0.0343892,0.767143,392.533,2756.68,129.992,129.992,36.8156642500403279,-120.000001195437036,20902339.9241167121,0.247131278195730164
0.9,0.2801371950890044,0.1276931671895662,0.06102623998671195,0.3643538216064109,0.1981585425589898,0.1339009514028783,0.2834817361693976,0.1276945306272893,0.05852217398177185,46.10232169,6026217.03,202.7506777,1236.99094904,202.7499784656821,-0.03812778557930483,0.5311180133293618,0.5705327576738282,-0.1441995291085713,0.1050214917064594,0.1212444241281219,0.1075979412123864,0.665698487274927,0.6717024785414133,0.08092553183216203,-32.49008592572806,202.7499784656819,-0.03812778557930458,0.5311180133293322,1117.7809725201,-504.454079559547,161.9826752853089,60.9869935500439,105.5937348191063,161.9826752853089,202.7506523638805,0.01941834226047152,-0.09948294098786825, 2095.685141,-10.78161569, 13.55505582,-10.78161569, 1505.008455, 3.980282236, 13.55505582, 3.980282236, 3150.391664,77.08022418,2479.98291,45.48949882847341,4.227448487357006,35.42685092342273,1968.5245119967,1968.5142737974,-0.05268272888685337,0.1782129910599846,0.01612408417769532,0.9999986749919696,-0.0004599617933256235,0.001555136235188873,0.0001414239870143641,-0.2234906903134022,0.7746015238770343,0.4468332716043962,0.3877942984855855,0.2235034154758674,-0.7745868608417837,-0.446858689539079,-0.3877869645376315,0.15009003310742,-0.010774618529164,36.815719158249,37.000500743344,-119.9999999826,-8365910.530330083,-14492378.53649195,12525586.07765724,-8366861.633130905,-14491829.45864677,12525586.07765724,0.0037602667190164,1968.5142737974,6.5175259712623e-09,0.00328141836,19.695675,19.695675,0.930548585,1.23345316,41452247.3,70.6768658,1.23345316,1.23017174,0,1,0.523,0,0.000919487078,0.0271006546,0.348,0,0.0222643148,0.055660787,0.0594373783,0,0,-0.00153398437,-1,0.0362984638,0,0.0161252719,-0.0161252719,0,-0.0161252719,-0.000281385995,-0.000237800274,0.000681686804,0,0,0,-100,-99.2946185,-9.96071531,-10.0601983,0,0,0,-0,0.252071565,0.101168922,0.103168922,-0.0584576228,-0.0204017104,-0.0204017104,0.0153012828,0.0153012828,-0.0357029931,-0.0178514966,-0.00677091057,-0.00189043823,0,0,105625,192.046,1.29953,25.1818,364.155,-0.0528434,0.790864,399.173,2771.01,129.991,129.991,36.8157198186398062,-120.000001189393217,20902339.8672624417,0.283481736169397591
1,0.3166169117745382,0.1473397935867476,0.07436463046651001,0.3650653883160853,0.1912057952550766,0.1309442468816563,0.3199620504065747,0.1473394678155642,0.07186136242636197,46.1299199,6028019.825,202.811390433,1237.00779569,202.8106611607951,-0.05373561499949224,0.5412219507091436,0.6408965688019352,-0.171303186235207,0.1024543970067242,0.1307001190178454,0.08392370835069229,0.7655624334839608,0.7500066779217114,0.08404021059466737,-32.56241833378666,202.810661160795,-0.05373561499949198,0.5412219507091139,1117.793586228695,-504.4444288998441,162.0543221832322,60.99669886744292,105.5947890674667,162.0543221832322,202.8113415134774,0.02729628640122492,-0.1381941079903202, 2095.679077,-10.78161091, 13.55508289,-10.78161091, 1505.008038, 3.980327827, 13.55508289, 3.980327827, 3150.385856,77.08015941,2479.980826,45.48949671910781,4.227452039330841,35.42683078077675,1968.5363353044,1968.5260970303,-0.02297599806244102,0.1919465347979875,0.02283082670966281,0.9999985570896307,-0.0002008368518705288,0.001675008712237205,0.000199572116655649,-0.2237673866565396,0.7745235097612279,0.4468616473820561,0.3877578594884273,0.223781524382319,-0.7745072164138069,-0.4468898866575438,-0.3877497005431079,0.15289955551024,-0.01518072519727,36.815774742567,37.000556431705,-119.99999997466,-8365798.75161026,-14492428.98139803,12525602.27942325,-8366855.533954398,-14491818.89920123,12525602.27942325,0.0041780741322404,1968.5260970303,-3.2587629549837e-09,0.0033984731,19.6955171,19.6955171,0.930548182,1.23345276,41452240.6,70.6768429,1.23345276,1.23005428,0,1,0.523,0,0.000401006815,0.0114824865,0.348,0,0.00600957628,0.0150239407,0.0192791354,0,0,-0.00153398437,-1,0.0730617036,0,0.0228325085,-0.0228325085,0,-0.0228325085,-0.000398427273,-0.000242709181,0.000158297634,0,0,0,-100,-99.3617448,-9.96743732,-10.1056314,0,0,0,-0,0.252071565,0.101168922,0.103168922,-0.0584576228,-0.0204017104,-0.0204017104,0.0153012828,0.0153012828,-0.0357029931,-0.0178514966,-0.00677091057,-0.00189043823,0,0,107179,194.87,1.29953,25.367,367.664,-0.0761966,0.814147,405.494,2784.87,129.99,129.99,36.8157754029012523,-120.000001180904448,20902339.8139300831,0.319962050406574661
1.1,0.3530690914021226,0.1656184867328772,0.08694841380638378,0.3632129345968667,0.174823732986995,0.1190052980216804,0.3564149106697931,0.165616236405572,0.08444605655398991,46.16042084,6030011.439,202.878476761,1237.02779584,202.8777161184804,-0.07183564942596363,0.5508855266223378,0.6994941644084347,-0.1932781802225424,0.0955575432725837,0.1390391740353856,0.0530782377662824,0.8557253695137561,0.8176178240338678,0.08758952241898159,-32.63431614453646,202.8777161184802,-0.07183564942596336,0.5508855266223081,1117.807058414993,-504.4375601913948,162.1354239753267,61.00726251869872,105.5930610645904,162.1354239753266,202.8783897301533,0.03730870158876366,-0.1841771849843203, 2095.672936,-10.78160608, 13.55511031,-10.78160608, 1505.007616, 3.980373998, 13.55511031, 3.980373998, 3150.379974,77.08009382,2479.978716,45.48949458283207,4.22745563661877,35.42681038116217,1968.5523937121,1968.5421553457,0.01038579161957435,0.2075887399066943,0.03085213751141074,0.9999983188305667,9.014524288546841e-05,0.001811576838416779,0.000269071057621579,-0.2240806035658041,0.7744369230955419,0.4468897572090283,0.3877175262398521,0.2240961534299171,-0.7744189992294293,-0.4469208169066685,-0.3877085388096069,0.15557814185027,-0.020287413837158,36.815830344457,37.000612137634,-119.99999996366,-8365686.971584973,-14492479.42547177,12525618.48883539,-8366849.433763272,-14491808.339783,12525618.48883539,0.0045958815454644,1968.5421553457,0,0.00353847138,19.6953572,19.6953572,0.930547635,1.23345236,41452233.9,70.67682,1.23345236,1.22991388,0,1,0.523,0,-0.000181266259,-0.00604946461,0.348,0,-0.0121588115,-0.0303970288,-0.0256640832,0,0,-0.00153398437,-1,0.113014375,0,0.0308544101,-0.0308544101,0,-0.0308544101,-0.000538409457,-0.000253655766,-0.000434922025,0,0,0,-100,-99.4224831,-9.9735143,-10.1576915,0,0,0,-0,0.252071565,0.101168922,0.103168922,-0.0584576228,-0.0204017104,-0.0204017104,0.0153012828,0.0153012828,-0.0357029931,-0.0178514966,-0.00677091057,-0.00189043823,0,0,108616,197.483,1.29953,25.534,370.81,-0.104099,0.835783,411.031,2798.23,129.989,129.989,36.8158310047348181,-120.000001169285227,20902339.7648425102,0.356414910669793139
1.2,0.3891524355335502,0.1826922210702191,0.09815644814891938,0.3572317757682508,0.1670095216747064,0.1033587631663622,0.3924990119063242,0.182687818074022,0.09565510637912641,46.19349775,6032170.307,202.951214731,1237.05108424,202.950422040622,-0.09180404386727231,0.5597554789481336,0.7538390394956567,-0.2080726375275814,0.08690602369575373,0.149203609599013,0.02041250343984657,0.9409926757017217,0.8819642019918511,0.0914413576565381,-32.70377633642683,202.9504220406218,-0.09180404386727203,0.5597554789481038,1117.821454768434,-504.433871384531,162.2253053070462,61.01875007547042,105.5881528293217,162.2253053070462,202.9510699407197,0.04971136677219011,-0.237274824577217, 2095.666723,-10.78160119, 13.55513805,-10.78160119, 1505.007189,  3.98042071, 13.55513805,  3.98042071, 3150.374023,77.08002747,2479.976581,45.48949242152931,4.227459276049905,35.42678974256057,1968.5734082237,1968.563169741,0.04738618733554416,0.2249908178468208,0.0400823637474652,0.9999979261100622,0.000412834888406239,0.001963558373131588,0.000348971982649332,-0.2244292770893223,0.7743418417747646,0.4469185494332109,0.3876725703922632,0.2244462385922985,-0.7743222871448617,-0.4469524285439896,-0.3876627506366186,0.15802650153354,-0.025917481904158,36.815885965553,37.000667862759,-119.99999994884,-8365575.190167791,-14492529.86901612,12525634.70680081,-8366843.332471116,-14491797.78069508,12525634.70680081,0.0050136889586885,1968.563169741,3.2587628936588e-09,0.00369956922,19.6951955,19.6951955,0.930546919,1.23345196,41452227.2,70.676797,1.23345196,1.22975239,0,1,0.523,0,-0.000827044989,-0.0254860093,0.348,0,-0.0322259465,-0.0805648662,-0.0753600716,0,0,-0.00153398437,-1,0.15604438,0,0.0400853163,-0.0400853163,0,-0.0400853163,-0.000699488769,-0.000271423591,-0.00109846858,0,0,0,-100,-99.4774414,-9.97900651,-10.2162813,0,0,0,-0,0.252071565,0.101168922,0.103168922,-0.0584576228,-0.0204017104,-0.0204017104,0.0153012828,0.0153012828,-0.0357029931,-0.0178514966,-0.00677091057,-0.00189043823,0,0,109944,199.898,1.29953,25.6845,373.629,-0.135845,0.856206,416.349,2811.01,129.988,129.988,36.8158866257708866,-120.000001153762227,20902339.7207180448,0.392499011906324302
1.3,0.4244302647472261,0.1980412951915504,0.1073917302144435,0.3464983369894586,0.131019708043116,0.07670392363632553,0.4277776696172385,0.1980345232965741,0.1048915025783768,46.22864801,6034463.404,203.028496699,1237.07771659,203.0276715743071,-0.1128571442483117,0.567723832323054,0.7856483815961302,-0.213765779769817,0.07558829353475716,0.1559233452785929,-0.02279889658177225,1.006138224204669,0.924689538998159,0.0954353757308264,-32.76985744553304,203.0276715743069,-0.1128571442483114,0.5677238323230241,1117.836760553386,-504.4338680786818,162.3229077682619,61.03114666019101,105.5795587363771,162.3229077682618,203.0282688418478,0.06474421207093863,-0.2972057180661705, 2095.660444,-10.78159624, 13.55516609,-10.78159624, 1505.006757, 3.980467919, 13.55516609, 3.980467919, 3150.368008,77.0799604,2479.974423,45.48949023713925,4.227462954357877,35.42676888349496,1968.6000769772,1968.589838338,0.08796908549608376,0.2440391548510169,0.05036610221927432,0.9999973417753174,0.000766737165449004,0.002129978348186464,0.000437891144567004,-0.2248120443990569,0.7742381050194027,0.4469491061317701,0.3876227521148525,0.2248304169794667,-0.7742169193218661,-0.446985803546134,-0.3876120958701044,0.1602150804742,-0.031848920183383,36.815941607296,37.00072360852,-119.99999992932,-8365463.407262116,-14492580.31236619,12525650.93415841,-8366837.229981367,-14491787.22227259,12525650.93415841,0.0054314963719125,1968.589838338,3.2587628629797e-09,0.00387905432,19.695032,19.695032,0.93054601,1.23345156,41452220.5,70.6767741,1.23345156,1.2295725,0,1,0.523,0,-0.00153535018,-0.0467970133,0.348,0,-0.0541541579,-0.135385395,-0.129720584,0,0,-0.00153398437,-1,0.201973849,0,0.0503698123,-0.0503698123,0,-0.0503698123,-0.000878953224,-0.000296646043,-0.00183199622,0,0,0,-100,-99.5271697,-9.98396843,-10.2811741,0,0,0,-0,0.252071565,0.101168922,0.103168922,-0.0584576228,-0.0204017104,-0.0204017104,0.0153012828,0.0153012828,-0.0357029931,-0.0178514966,-0.00677091057,-0.00189043823,0,0,111143,202.078,1.29953,25.82,376.172,-0.169799,0.872522,420.027,2822.24,129.987,129.987,36.8159422674515895,-120.000001133478378,20902339.6822522767,0.42777766961723851
1.4,0.4583164827612731,0.2094749408445006,0.1136028377481334,0.3282142973135274,0.09718852130301853,0.04464436492400255,0.4616647741751729,0.2094656032104122,0.1111038057614051,46.26480556,6036820.988,203.107979482,1237.1075201,203.107123574178,-0.1339096666967597,0.5742394158286572,0.8016611693217137,-0.2069226865030611,0.05761861229374432,0.162478722868558,-0.07026978326152999,1.054243804104054,0.952330994256915,0.09934035918631585,-32.8287540013954,203.1071235741778,-0.1339096666967594,0.5742394158286274,1117.85266241544,-504.4385217306589,162.4260422906053,61.04413870772012,105.5663073358402,162.4260422906053,203.1076374915933,0.08262140905765589,-0.363449540145608, 2095.654106,-10.78159126, 13.55519438,-10.78159126, 1505.006321, 3.980515563, 13.55519438, 3.980515563, 3150.361938,77.07989271,2479.972245,45.48948803260627,4.227466666584614,35.42674783208174,1968.6330605932,1968.6228217767,0.1320292719099157,0.2644303747025266,0.06145565264352299,0.9999965313819971,0.001150931700926487,0.002308204339369291,0.0005336411923393167,-0.225226161348863,0.7741259299370672,0.4469833387886498,0.3875669176909687,0.2252459443331708,-0.7741031127511899,-0.447022853313448,-0.38755542056057,0.16199041526808,-0.037775272606906,36.815997270585,37.00077937581,-119.99999990417,-8365351.62279641,-14492630.75594606,12525667.17156588,-8366831.126222534,-14491776.66493967,12525667.17156588,0.0058493037851365,1968.6228217767,0,0.00407260348,19.694867,19.694867,0.930544886,1.23345115,41452213.7,70.6767512,1.23345115,1.22937855,0,1,0.523,0,-0.0023043455,-0.0699263906,0.348,0,-0.0778775131,-0.194693783,-0.188589178,0,0,-0.00153398437,-1,0.250541615,0,0.0614601796,-0.0614601796,0,-0.0614601796,-0.00107248013,-0.000329757865,-0.00263410337,0,0,0,-100,-99.5721657,-9.98844931,-10.3518989,0,0,0,-0,0.252071565,0.101168922,0.103168922,-0.0584576228,-0.0204017104,-0.0204017104,0.0153012828,0.0153012828,-0.0357029931,-0.0178514966,-0.00677091057,-0.00189043823,0,0,112177,203.958,1.29953,25.9423,378.495,-0.20431,0.885128,422.553,2830.81,129.986,129.986,36.8159979306748468,-120.000001107500552,20902339.6501028128,0.461664774175172876
1.5,0.4899570660472854,0.2181683306817912,0.1166125228048564,0.3008616166600866,0.07705107982115129,0.01339494569529936,0.4933062868501409,0.2181562567794945,0.1141147482575644,46.30149317,6039211.825,203.188615188,1237.14050175,203.1877323121923,-0.1536786516392375,0.5789322631069496,0.8093120402378723,-0.1872507868670208,0.03920248262974724,0.171630245002115,-0.1165112302178031,1.090020818702687,0.9721306626773907,0.1029208565454265,-32.87839027521293,203.1877323121922,-0.1536786516392372,0.5789322631069196,1117.869343071637,-504.4478787986603,162.5333518940027,61.05790879372848,105.5483521316245,162.5333518940027,203.188122856693,0.1035243230793109,-0.4351488852434411,  2095.64772,-10.78158623, 13.55522289,-10.78158623, 1505.005882, 3.980563577, 13.55522289, 3.980563577, 3150.355821,77.0798245,2479.97005,45.48948581090848,4.227470407715308,35.42672661675904,1968.6729492173,1968.6627101727,0.179389111617397,0.2858177848698853,0.07303800408420477,0.9999954634364365,0.001563869731918204,0.002495222342009119,0.000633469393171778,-0.2256680082117339,0.7740055705627049,0.4470234407120776,0.3875040261230666,0.2256892008036375,-0.7739811213076265,-0.4470657710757465,-0.3874916835655352,0.16324944996209,-0.043334804814456,36.816052955864,37.00083516507,-119.99999987239,-8365239.836703765,-14492681.20022754,12525683.41950585,-8366825.021127783,-14491766.10916815,12525683.41950585,0.0062671111983606,1968.6627101727,0,0.00427475365,19.6947008,19.6947008,0.930543526,1.23345075,41452207,70.6767282,1.23345075,1.229176,0,1,0.523,0,-0.00313093064,-0.0947796593,0.348,0,-0.103286885,-0.258217213,-0.251704976,0,0,-0.00153398437,-1,0.301342341,0,0.0730433842,-0.0730433842,0,-0.0730433842,-0.00127460705,-0.000370927143,-0.00350185778,0,0,0,-100,-99.6128798,-9.99249375,-10.4276426,0,0,0,-0,0.252071565,0.101168922,0.103168922,-0.0584576228,-0.0204017104,-0.0204017104,0.0153012828,0.0153012828,-0.0357029931,-0.0178514966,-0.00677091057,-0.00189043823,0,0,113076,205.592,1.29953,26.0525,380.613,-0.237348,0.894206,424.475,2837.48,129.985,129.985,36.8160536158822183,-120.000001074829825,20902339.6248566769,0.493306286850140885
1.6,0.5184834491675022,0.2253467785083438,0.1166681471074014,0.265572871589653,0.06692350749461821,-0.01359278145783584,0.5218336327727299,0.2253318277597653,0.1141716796550046,46.33839085,6041614.986,203.269702154,1237.17668855,203.2687972436809,-0.1709289754826516,0.5819487082463155,0.8111476511896293,-0.1559858292790066,0.02397778871773681,0.1835482659189207,-0.1604624727041539,1.115918505922117,0.9865208171321596,0.1059644301774906,-32.91943952116929,203.2687972436808,-0.1709289754826513,0.5819487082462855,1117.887079858102,-504.4617475896304,162.6437229161326,61.07273414014123,105.5258847607272,162.6437229161326,203.2690188219368,0.1275972191180382,-0.5113902845647267, 2095.641291,-10.78158117,  13.5552516,-10.78158117,  1505.00544, 3.980611909,  13.5552516, 3.980611909, 3150.349663,77.07975583,2479.967841,45.4894835743948,4.227474173794564,35.42670525995725,1968.7202421166,1968.710002816,0.2297822674801391,0.3079862062878539,0.08480353665181525,0.9999941078621236,0.002003230412455329,0.002689161263753942,0.0007346568231063467,-0.2261338916671455,0.7738770277623664,0.4470710263217639,0.3874342607007827,0.2261564930038155,-0.7738509456988567,-0.4471161711632615,-0.3874210680867853,0.16403458980958,-0.048179880926845,36.816108663339,37.000890976501,-119.99999983292,-8365128.048892567,-14492731.64567224,12525699.67833807,-8366818.914605577,-14491755.55541968,12525699.67833807,0.0066849186115846,1968.710002816,3.2587627708704e-09,0.00448010093,19.6945334,19.6945334,0.930541914,1.23345035,41452200.3,70.6767053,1.23345035,1.22897025,0,1,0.523,0,-0.00401045713,-0.12121583,0.348,0,-0.130225983,-0.325564957,-0.318688479,0,0,-0.00153398437,-1,0.353882662,0,0.0848097834,-0.0848097834,0,-0.0848097834,-0.00147993072,-0.000420045845,-0.00443050298,0,0,0,-100,-99.6497193,-9.99614212,-10.5075324,0,0,0,-0,0.252071565,0.101168922,0.103168922,-0.0584576228,-0.0204017104,-0.0204017104,0.0153012828,0.0153012828,-0.0357029931,-0.0178514966,-0.00677091057,-0.00189043823,0,0,113864,207.026,1.29953,26.152,382.539,-0.266789,0.900066,425.97,2842.79,129.984,129.984,36.8161093232789156,-120.000001034412804,20902339.6070103385,0.521833632772729983
1.7,0.5431941271389942,0.23179162933099,0.1143165132547123,0.224425743697849,0.06211666349648699,-0.03386757388083549,0.5465453020742113,0.2317736922959147,0.111821396369506,46.37527505,6044015.866,203.350751054,1237.21610422,203.3498296474857,-0.1846009957533252,0.5836599525280945,0.8089085934768223,-0.1154275131315006,0.01285428846184544,0.1976950370714974,-0.202290102559072,1.134434948508986,0.9971851928639905,0.1082995708077513,-32.95373436609967,203.3498296474855,-0.1846009957533249,0.5836599525280645,1117.906125861174,-504.4799014222073,162.756294422771,61.08886773062596,105.4991318413931,162.756294422771,203.3498320493208,0.1549458806741139,-0.5913978494576656, 2095.634824,-10.78157607, 13.55528046,-10.78157607, 1505.004996, 3.980660521, 13.55528046, 3.980660521, 3150.343469,77.07968677,2479.965619,45.48948132495006,4.227477961648508,35.42668377967486,1968.7753531709,1968.7651135796,0.2828622324622265,0.3308242063589485,0.09648183746676139,0.9999924376308477,0.002465994250688746,0.002889050316686901,0.000834830365048063,-0.2266201140814829,0.7737402674716573,0.44712697257253,0.3873587391355822,0.226644123294155,-0.7737125517242821,-0.4471749304391826,-0.3873446918020643,0.16445138005386,-0.052012885856036,36.816164393057,37.000946810146,-119.99999978464,-8365016.259244088,-14492782.09271985,12525715.94832355,-8366812.806537282,-14491745.004134,12525715.94832355,0.0071027260248087,1968.7651135796,0,0.00468392573,19.6943651,19.6943651,0.930540036,1.23344995,41452193.5,70.6766823,1.23344995,1.22876603,0,1,0.523,0,-0.00493687729,-0.149052218,0.348,0,-0.158499579,-0.396248949,-0.389060242,0,0,-0.00153398437,-1,0.407646815,0,0.0964889445,-0.0964889445,0,-0.0964889445,-0.00168373208,-0.000476762364,-0.00541363965,0,0,0,-100,-99.6830531,-9.99943099,-10.5908288,0,0,0,-0,0.252071565,0.101168922,0.103168922,-0.0584576228,-0.0204017104,-0.0204017104,0.0153012828,0.0153012828,-0.0357029931,-0.0178514966,-0.00677091057,-0.00189043823,0,0,114562,208.294,1.29953,26.2418,384.286,-0.290742,0.90338,427.158,2847.12,129.983,129.983,36.8161650529062641,-120.000000985153932,20902339.596974995,0.546545302074211259
1.8,0.5636040609879583,0.2378630433600329,0.1103044400803616,0.1796039294941731,0.05918010074221267,-0.04595069388557788,0.5669562534465865,0.2378420405732728,0.1078107143420814,46.41198799,6046404.167,203.431417208,1237.25875943,203.430485256,-0.1938996359007479,0.5844472595157697,0.8037797577057773,-0.06856597699538261,0.005207579793442108,0.2133665285924096,-0.2424973309860121,1.147649953377893,1.005283405287999,0.1098083399893544,-32.98315360342744,203.4304852559998,-0.1938996359007475,0.5844472595157395,1117.926668639865,-504.5021527071667,162.8704370126438,61.10649702453341,105.4682808993335,162.8704370126439,203.4302140196373,0.1856388918516758,-0.6745882344181491, 2095.628325,-10.78157096, 13.55530948,-10.78157096, 1505.004549, 3.980709378, 13.55530948, 3.980709378, 3150.337244,77.07961736,2479.963386,45.48947906411841,4.227481768676939,35.42666219065718,1968.8386282474,1968.8283883147,0.3382222240286908,0.3542786427244741,0.1078671049941569,0.9999904305763045,0.002948615785468072,0.003094422956483654,0.0009321841735049768,-0.2271230160943196,0.7735954357206515,0.4471914032074251,0.387279080625031,0.2271484323575097,-0.7735660853144162,-0.4472421725662507,-0.3872641739266307,0.16460792071386,-0.05461119339815,36.816220144945,37.001002665931,-119.99999972643,-8364904.467617436,-14492832.54178906,12525732.22964914,-8366806.696782107,-14491734.45572986,12525732.22964914,0.0075205334380327,1968.8283883147,0,0.00488263614,19.6941959,19.6941959,0.930537879,1.23344955,41452186.8,70.6766594,1.23344955,1.22856692,0,1,0.523,0,-0.00590309141,-0.174,0.348,0,-0.183810068,-0.45952517,-0.4575948,0,0,-0.00153398437,-1,0.462130913,0,0.107875051,-0.107875051,0,-0.107875051,-0.00188241963,-0.000540538379,-0.00644362979,0,0,0,-100,-99.7132148,-10.0023935,-10.6769817,0,0,0,-0,0.252071565,0.101168922,0.103168922,-0.0584576228,-0.0204017104,-0.0204017104,0.0153012828,0.0153012828,-0.0357029931,-0.0178514966,-0.00677091057,-0.00189043823,0,0,115182,209.422,1.29953,26.3228,385.871,-0.307716,0.904853,428.119,2850.73,129.982,129.982,36.8162208046912909,-120.000000925927822,20902339.5950938426,0.566956253446586511
1.9,0.5794410485382667,0.2436522259540745,0.105485138395237,0.1331593566797876,0.05629358744089639,-0.04924974136137205,0.5827942833624945,0.243628104893579,0.1029928426979887,46.44841661,6048772.527,203.511454361,1237.30464752,203.5105180453861,-0.198347076098175,0.5846020157259488,0.7965661936795182,-0.01873297468060289,-7.487577761366992e-05,0.2299633767077935,-0.2814886498204174,1.157063675431502,1.011607411566813,0.110432930767772,-33.0091162794623,203.510518045386,-0.1983470760981747,0.5846020157259186,1117.948829237655,-504.5283613366625,162.9857005659975,61.12574296576005,105.4334719815091,162.9857005659975,203.5099146331287,0.2197109720905915,-0.7605453873681232, 2095.621797,-10.78156582, 13.55533862,-10.78156582,   1505.0041, 3.980758453, 13.55533862, 3.980758453, 3150.330991,77.07954763,2479.961142,45.48947679318976,4.227485592707777,35.42664050522173,1968.9103636593,1968.900123336,0.3954170669543827,0.3783188894517064,0.1188337246591196,0.9999880708112975,0.0034472137123857,0.003305006074608,0.001025615701759629,-0.2276390377738367,0.7734429982846772,0.4472637267729387,0.387197050090768,0.2276658603390518,-0.7734120121927666,-0.4473173060349276,-0.3871812794462954,0.16458675643157,-0.055841830495623,36.816275918854,37.001058543702,-119.99999965713,-8364792.673856379,-14492882.99328227,12525748.5224482,-8366800.585183934,-14491723.91060973,12525748.5224482,0.0079383408512567,1968.900123336,0,0.00507403976,19.6940259,19.6940259,0.930535435,1.23344915,41452180,70.6766364,1.23344915,1.22837511,0,1,0.523,0,-0.00690132974,-0.174,0.348,0,-0.184093222,-0.460233055,-0.460170332,0,0,-0.00153398437,-1,0.516861576,0,0.118842478,-0.118842478,0,-0.118842478,-0.00207380124,-0.000610720301,-0.00751205004,0,0,0,-100,-99.7405061,-10.0050596,-10.765605,0,0,0,-0,0.252071565,0.101168922,0.103168922,-0.0584576228,-0.0204017104,-0.0204017104,0.0153012828,0.0153012828,-0.0357029931,-0.0178514966,-0.00677091057,-0.00189043823,0,0,115736,210.43,1.29953,26.3961,387.306,-0.316732,0.905056,428.911,2853.8,129.98,129.98,36.8162765784804833,-120.000000855591111,20902339.6016604863,0.582794283362494503
2,0.5906319625776879,0.2491291107622668,0.1007346354084199,0.08701869596922077,0.05286101824405442,-0.04394497892937849,0.593986263357802,0.2491018415154383,0.09824380700822856,46.48447831,6051115.576,203.590683232,1237.35374401,203.5897486526752,-0.1978023593475957,0.5843087410423919,0.7878129322744405,0.03070643948094265,-0.003990378209820733,0.2470685018046055,-0.3194569687118651,1.163645889587681,1.016690523268383,0.1101766104953656,-33.03250273091461,203.589748652675,-0.1978023593475954,0.5843087410423616,1117.972677762808,-504.5584171273784,163.1017574784357,61.14667556361063,105.3948152135662,163.1017574784358,203.5887507133303,0.2571676908479193,-0.8489680217566353, 2095.615243,-10.78156066, 13.55536788,-10.78156066,  1505.00365, 3.980807722, 13.55536788, 3.980807722, 3150.324714,77.07947763,2479.95889,45.48947451326027,4.227489431895163,35.42661873383602,1968.9908202738,1968.9805795237,0.4539840128744505,0.4029167057165877,0.1293428870740558,0.9999853494989329,0.003957751812016723,0.003520546197936729,0.00111478363817162,-0.2281648036306496,0.7732837940015355,0.4473427007479184,0.3871143298901973,0.2281930318461092,-0.7732511712014157,-0.4473990883020323,-0.3870976908211027,0.16444016997379,-0.055666801502989,36.816331714571,37.001114443244,-119.99999957559,-8364680.877795289,-14492933.44758956,12525764.82681564,-8366794.471577257,-14491713.36916373,12525764.82681564,0.0083561482644808,1968.9805795237,0,0.00525745924,19.6938553,19.6938553,0.930532692,1.23344875,41452173.3,70.6766135,1.23344875,1.22819129,0,1,0.523,0,-0.00792351578,-0.174,0.348,0,-0.184295265,-0.460738163,-0.460695714,0,0,-0.00153398437,-1,0.571409942,0,0.129352415,-0.129352415,0,-0.129352415,-0.00225719964,-0.000686616578,-0.00861013235,0,0,0,-100,-99.7652004,-10.0074564,-10.8564244,0,0,0,-0,0.252071565,0.101168922,0.103168922,-0.0584576228,-0.0204017104,-0.0204017104,0.0153012828,0.0153012828,-0.0357029931,-0.0178514966,-0.00677091057,-0.00189043823,0,0,116233,211.333,1.29953,26.4622,388.605,-0.317368,0.904373,429.573,2856.44,129.979,129.979,36.8163323740626751,-120.000000772992635,20902339.6169330738,0.593986263357802025
2.1,0.5972920242763848,0.2542389170624865,0.09688027398113319,0.04301623217106871,0.0489546309365925,-0.03086154514833471,0.6006474131159055,0.2542084872041514,0.09439094812583862,46.52011117,6053429.299,203.668969936,1237.40600855,203.6680426770509,-0.1924523165194012,0.5836686794557266,0.7778854910630967,0.07661497588266963,-0.007203109823748832,0.2644267543923799,-0.3564310807319622,1.167975187289347,1.020883579915843,0.1090998132923131,-33.05377967216923,203.6680426770507,-0.1924523165194009,0.5836686794556962,1117.998251094967,-504.5922202460058,163.2183562434686,61.16933160115146,105.3524103738072,163.2183562434687,203.6665844671555,0.2979910164765991,-0.9396210724049286, 2095.608666,-10.78155548, 13.55539724,-10.78155548, 1505.003198, 3.980857164, 13.55539724, 3.980857164, 3150.318414,77.07940739,2479.95663,45.48947222527504,4.227493284647683,35.42659688552473,1969.0802324973,1969.0699912659,0.513462261705217,0.4280386583101371,0.1394414094452392,0.999982264915463,0.004476208639287398,0.003740745440944825,0.001200097622912087,-0.2286972215131692,0.7731190171111562,0.4474265193997042,0.3870323965653297,0.2287268548325842,-0.7730847566458183,-0.4474857136523244,-0.3870148847232365,0.16419689598048,-0.05414033928909,36.816387531843,37.001170364301,-119.99999948064,-8364569.079263315,-14492983.90509062,12525781.14281772,-8366788.355791355,-14491702.83177163,12525781.14281772,0.0087739556777048,1969.0699912659,0,0.00543371171,19.6936841,19.6936841,0.930529645,1.23344835,41452166.5,70.6765905,1.23344835,1.22801464,0,1,0.523,0,-0.00896160705,-0.174,0.348,0,-0.184417941,-0.461044852,-0.461021878,0,0,-0.00153398437,-1,0.625405303,0,0.139451681,-0.139451681,0,-0.139451681,-0.00243343183,-0.000767573424,-0.00972918048,0,0,0,-100,-99.7875446,-10.0096085,-10.9492296,0,0,0,-0,0.252071565,0.101168922,0.103168922,-0.0584576228,-0.0204017104,-0.0204017104,0.0153012828,0.0153012828,-0.0357029931,-0.0178514966,-0.00677091057,-0.00189043823,0,0,116680,212.145,1.29953,26.5219,389.78,-0.309758,0.903034,430.131,2858.74,129.978,129.978,36.8163881911844086,-120.00000067698241,20902339.6411433332,0.600647413115905526
2.2,0.5997150467493444,0.2589479931991986,0.09464245847322274,0.002870651031297335,0.0448908758449641,-0.01133186158767212,0.6030715440143417,0.2589144023097519,0.09215466804460783,46.55526705,6055710.588,203.746210944,1237.46138837,203.7452956221909,-0.1827787057565644,0.5827332158023637,0.7670241443953245,0.1162934015725967,-0.01005300270133347,0.2818947666122398,-0.3923675646827611,1.170384252033308,1.024408582083456,0.1073123082839243,-33.07317152144774,203.7452956221907,-0.1827787057565641,0.5827332158023333,1118.025566630879,-504.6296693443373,163.3352897758687,61.19372838243566,105.3063587572931,163.3352897758687,203.7433085072429,0.3421452896054294,-1.032302936780877, 2095.602069,-10.78155029,  13.5554267,-10.78155029, 1505.002744, 3.980906763,  13.5554267, 3.980906763, 3150.312094,77.07933692,2479.954363,45.48946993005841,4.227497149577198,35.42657496815975,1969.1788131073,1969.1685713544,0.5734114565068584,0.4536458122368853,0.1492540465639687,0.9999788218398943,0.004998738388229538,0.003965260781713255,0.001282650831749667,-0.2292335807722595,0.7729501510080029,0.4475129280817849,0.3869524631045794,0.2292646187552279,-0.7729142520483048,-0.4475749274973264,-0.3869340742857791,0.16387157654542,-0.051399482625089,36.816443370381,37.001226306582,-119.99999937114,-8364457.278086987,-14493034.36615516,12525797.47049803,-8366782.237652902,-14491692.29880322,12525797.47049803,0.0091917630909289,1969.1685713544,0,0.00560497453,19.6935123,19.6935123,0.930526285,1.23344795,41452159.7,70.6765676,1.23344795,1.22784298,0,1,0.523,0,-0.0100079179,-0.174,0.348,0,-0.184466125,-0.461165313,-0.461160293,0,0,-0.00153398437,-1,0.678548259,0,0.149265041,-0.149265041,0,-0.149265041,-0.00260467496,-0.000853042967,-0.0108609609,0,0,0,-100,-99.8077626,-10.0115382,-11.0438411,0,0,0,-0,0.252071565,0.101168922,0.103168922,-0.0584576228,-0.0204017104,-0.0204017104,0.0153012828,0.0153012828,-0.0357029931,-0.0178514966,-0.00677091057,-0.00189043823,0,0,117082,212.876,1.29953,26.5759,390.843,-0.294557,0.901168,430.606,2860.77,129.977,129.977,36.8164440295600883,-120.000000566418365,20902339.674501501,0.60307154401434182
2.3,0.5983585883549303,0.2632559294884603,0.09459053359889522,-0.0318943225491222,0.04099335368611473,0.01294967926106523,0.6017162125380395,0.2632191836695236,0.09210430894205364,46.58990679,6057956.92,203.822322431,1237.5198225,203.8214223518541,-0.1695067672977888,0.5815315401574566,0.7553812329014549,0.1476373887710185,-0.01265314694208541,0.2993957524075519,-0.4272280020216819,1.171072291971818,1.027397002653694,0.1049624496981829,-33.09079979360308,203.821422351854,-0.1695067672977885,0.581531540157426,1118.054631085668,-504.6706584515259,163.4523767938075,61.21987253437974,105.256766282927,163.4523767938076,203.8188352512074,0.389583292235202,-1.126828606699951, 2095.595452,-10.78154508, 13.55545623,-10.78154508, 1505.002289, 3.980956502, 13.55545623, 3.980956502, 3150.305757,77.07926625,2479.952089,45.48946762833604,4.227501025461772,35.42655298867048,1969.2867556363,1969.2765133107,0.6334289655321041,0.4796963881920621,0.1589706579605975,0.9999750303573683,0.005521821366070969,0.004193728860404362,0.001364107337020152,-0.2297716361882653,0.7727788737593911,0.4475993626093905,0.3868754554972464,0.2298040784938957,-0.7727413356628957,-0.4476641657482645,-0.3868561856431997,0.16347257373481,-0.047649459434889,36.81649922987,37.00128226977,-119.99999924596,-8364345.474091685,-14493084.8311425,12525813.80988079,-8366776.116987428,-14491681.77061792,12525813.80988079,0.0096095705041529,1969.2765133107,0,0.0057745614,19.6933401,19.6933401,0.930522606,1.23344755,41452152.9,70.6765446,1.23344755,1.22767299,0,1,0.523,0,-0.011055421,-0.174,0.348,0,-0.18444758,-0.461118949,-0.461129676,0,0,-0.00153398437,-1,0.730621415,0,0.158982368,-0.158982368,0,-0.158982368,-0.00277424232,-0.000942639223,-0.0119980602,0,0,0,-100,-99.8260565,-10.0132655,-11.1400941,0,0,0,-0,0.252071565,0.101168922,0.103168922,-0.0584576228,-0.0204017104,-0.0204017104,0.0153012828,0.0153012828,-0.0357029931,-0.0178514966,-0.00677091057,-0.00189043823,0,0,117444,213.535,1.29953,26.6247,391.804,-0.272854,0.898848,431.012,2862.57,129.976,129.976,36.8164998888785746,-120.000000440171249,20902339.7171988413,0.60171621253803953
2.4,0.5938197668250986,0.2671910771965052,0.0971134279438676,-0.06005327895083912,0.03749953293973237,0.04007628977077267,0.5971785345444582,0.2671511838892048,0.09462879690769405,46.62399675,6060166.138,203.897232681,1237.58124632,203.8963496929409,-0.153540632700337,0.58008805350606,0.743047626210554,0.1692390028570019,-0.01499340284432549,0.3168900207834273,-0.4610233068622485,1.170177089253134,1.029917757814632,0.1022245484335639,-33.1067691258075,203.8963496929407,-0.1535406327003367,0.5800880535060293,1118.085445536429,-504.7150799812089,163.5694524021374,61.24776505002891,105.203740485893,163.5694524021373,203.8930893512182,0.4402521191086448,-1.22302406741732, 2095.588819,-10.78153986, 13.55548585,-10.78153986, 1505.001833, 3.981006368, 13.55548585, 3.981006368, 3150.299403,77.0791954,2479.94981,45.48946532075118,4.227504911218213,35.4265309531995,1969.4042356797,1969.3939927306,0.6931652174283081,0.5061488626790932,0.1688296659329137,0.9999709042016852,0.0060423977198369,0.004425794074017384,0.001446556833872564,-0.2303096676803202,0.7726069511262792,0.4476831065151473,0.3868020064390603,0.2303435140550726,-0.7725677734879743,-0.4477507120659123,-0.3867818516231895,0.16300687868526,-0.043145416704486,36.816555109973,37.001338253525,-119.99999910399,-8364233.667102434,-14493135.30040126,12525830.160973,-8366769.993620113,-14491671.24756441,12525830.160973,0.010027377917377,1969.3939927306,0,0.00594663355,19.6931674,19.6931674,0.930518603,1.23344715,41452146.2,70.6765217,1.23344715,1.22750052,0,1,0.523,0,-0.0120980153,-0.174,0.348,0,-0.184372543,-0.460931358,-0.460955057,0,0,-0.00153398437,-1,0.781495684,0,0.168842102,-0.168842102,0,-0.168842102,-0.00294629468,-0.00103617873,-0.013134194,0,0,0,-100,-99.8426095,-10.0148086,-11.2378326,0,0,0,-0,0.252071565,0.101168922,0.103168922,-0.0584576228,-0.0204017104,-0.0204017104,0.0153012828,0.0153012828,-0.0357029931,-0.0178514966,-0.00677091057,-0.00189043823,0,0,117772,214.13,1.29953,26.6688,392.673,-0.246078,0.896124,431.361,2864.18,129.975,129.975,36.816555768807163,-120.000000297127741,20902339.7694090307,0.597178534544458239
2.5,0.5868009398688794,0.2708009169020365,0.102405245418837,-0.08077282306481512,0.03454792391644717,0.06807695341934837,0.5901608659753059,0.2707578802693082,0.09992223356584624,46.65750637,6062336.286,203.97087675,1237.64559603,203.9700113092717,-0.1358911557394336,0.5784307372839805,0.7300721656517761,0.1804324722552442,-0.01701660774885738,0.3343596682925334,-0.4938282342276956,1.167814300906343,1.031998176898409,0.09928539885479039,-33.12120724048335,203.9700113092715,-0.1358911557394333,0.5784307372839499,1118.118008265885,-504.762830607177,163.686364147968,61.27740413118521,105.1473846417051,163.686364147968,203.9660023366758,0.4940985774717247,-1.320726852676835,  2095.58217,-10.78153462, 13.55551553,-10.78153462, 1505.001376, 3.981056347, 13.55551553, 3.981056347, 3150.293035,77.07912439,2479.947525,45.48946300787709,4.227508805881252,35.42650886722072,1969.5314119868,1969.5211683646,0.7523360915341547,0.5329644409393719,0.1790992823369751,0.9999664587979271,0.006557975727972122,0.004661130525141433,0.001532349735694197,-0.2308465099004406,0.7724361286168014,0.4477614549279511,0.3867324599191002,0.2308817601610375,-0.7723953113076587,-0.4478318617312221,-0.3867114163213104,0.16248246951493,-0.038172068469176,36.816611010333,37.001394257489,-119.99999894411,-8364121.856944301,-14493185.77426946,12525846.52376581,-8366763.867376197,-14491660.72998081,12525846.52376581,0.010445185330601,1969.5211683646,3.2587624938938e-09,0.00612587216,19.6929943,19.6929943,0.930514268,1.23344675,41452139.4,70.6764987,1.23344675,1.22732088,0,1,0.523,0,-0.0131307419,-0.174,0.348,0,-0.184253148,-0.460632871,-0.460666361,0,0,-0.00153398437,-1,0.831130985,0,0.179112475,-0.179112475,0,-0.179112475,-0.00312551269,-0.00113370403,-0.0142644459,0,0,0,-100,-99.8575872,-10.0161839,-11.3369108,0,0,0,-0,0.252071565,0.101168922,0.103168922,-0.0584576228,-0.0204017104,-0.0204017104,0.0153012828,0.0153012828,-0.0357029931,-0.0178514966,-0.00677091057,-0.00189043823,0,0,118067,214.668,1.29953,26.7086,393.459,-0.215879,0.893044,431.66,2865.62,129.974,129.974,36.8166116689938647,-120.000000136191318,20902339.8312893398,0.590160865975305926
2.6,0.578067356956069,0.2741429071183443,0.1104653416256032,-0.09367318035431252,0.03219691403809206,0.09505598534393669,0.5814284547119012,0.2740967242063275,0.107983972554128,46.69040653,6064465.506,204.043192843,1237.71281267,204.0423442705089,-0.117601664736583,0.5765935243924076,0.7164764131842564,0.1812862500756532,-0.01866302014683896,0.3518020333114826,-0.5257761509005476,1.164095446823275,1.033640117859234,0.09633094581374513,-33.13427484316441,204.0423442705088,-0.1176016647365827,0.5765935243923769,1118.152316562119,-504.813817510893,163.8029708449573,61.30878698675456,105.0877915184615,163.8029708449573,204.0375089600091,0.5510738683623808,-1.419788940167255, 2095.575508,-10.78152938, 13.55554527,-10.78152938, 1505.000918,  3.98110643, 13.55554527,  3.98110643, 3150.286653,77.07905323,2479.945236,45.48946069022657,4.227512708587327,35.42648673563121,1969.6684277467,1969.6581834033,0.8107314326214112,0.5601086821295999,0.1900579744774082,0.9999617091951577,0.00706670652647043,0.004899455894455289,0.001623925585104871,-0.2313815495921914,0.7722680310725658,0.4478318724150861,0.386666886015362,0.2314182036046675,-0.7722255742629248,-0.4479050794775556,-0.3866449498867007,0.16190897837462,-0.033022809201712,36.816666930575,37.001450281284,-119.99999876527,-8364010.043442596,-14493236.25307524,12525862.89823566,-8366757.738081163,-14491650.21819538,12525862.89823566,0.010862992743825,1969.6581834033,0,0.00631713742,19.6928209,19.6928209,0.930509598,1.23344635,41452132.6,70.6764758,1.23344635,1.22712921,0,1,0.523,0,-0.0141499328,-0.174,0.348,0,-0.18410269,-0.460256725,-0.460296616,0,0,-0.00153398437,-1,0.879571143,0,0.190071974,-0.190071974,0,-0.190071974,-0.00331675595,-0.00123548967,-0.0153854225,0,0,0,-100,-99.8711397,-10.0174065,-11.4371954,0,0,0,-0,0.252071565,0.101168922,0.103168922,-0.0584576228,-0.0204017104,-0.0204017104,0.0153012828,0.0153012828,-0.0357029931,-0.0178514966,-0.00677091057,-0.00189043823,0,0,118334,215.153,1.29953,26.7446,394.169,-0.184001,0.88966,431.917,2866.91,129.973,129.973,36.816667589068409,-119.999999956281869,20902339.9029819816,0.581428454711901299
2.7,0.568400528645306,0.2772775696555534,0.1211116783527491,-0.0988481036677795,0.03044818850984931,0.1193164916149693,0.571762809943905,0.2772282274941876,0.1186319740811273,46.7226685,6066551.968,204.114120082,1237.78284542,204.1132869227293,-0.09967680933964984,0.574615475206258,0.7022661092131304,0.1725461398663046,-0.01989085794946277,0.3692269650634721,-0.557043704625265,1.159134194656065,1.034832539037667,0.09353398188411889,-33.14615986700052,204.1132869227292,-0.09967680933964954,0.5746154752062271,1118.188368089652,-504.8679635294845,163.9191425426993,61.3419112023243,105.0250382286219,163.9191425426993,204.1075449010094,0.611137346814691,-1.520079746870587, 2095.568833,-10.78152412, 13.55557507,-10.78152412, 1505.000459, 3.981156605, 13.55557507, 3.981156605,  3150.28026,77.07898194,2479.942942,45.48945836825975,4.227516618561638,35.42646456282477,1969.8154122159,1969.8051670949,0.8682190603589318,0.5875524084383337,0.2019755631263216,0.999956668092972,0.007567419736930126,0.005140538473083757,0.001723647044390093,-0.2319146917633569,0.7721040761899244,0.4478921329602568,0.3866051066754321,0.2319527494196532,-0.7720599803560085,-0.4479681394580028,-0.3865822742960141,0.16129745934095,-0.027979743465033,36.816722870305,37.001506324515,-119.99999856638,-8363898.226422883,-14493286.73713825,12525879.28434547,-8366751.605560756,-14491639.71252783,12525879.28434547,0.011280800157049,1969.8051670949,-3.2587624322184e-09,0.00652513859,19.6926471,19.6926471,0.930504589,1.23344595,41452125.8,70.6764529,1.23344595,1.22692081,0,1,0.523,0,-0.0151532812,-0.174,0.348,0,-0.183934816,-0.459837041,-0.459879934,0,0,-0.00153398437,-1,0.926933504,0,0.201990441,-0.201990441,0,-0.201990441,-0.00352473319,-0.00134203134,-0.0164953126,0,0,0,-100,-99.8834024,-10.0184896,-11.5385694,0,0,0,-0,0.252071565,0.101168922,0.103168922,-0.0584576228,-0.0204017104,-0.0204017104,0.0153012828,0.0153012828,-0.0357029931,-0.0178514966,-0.00677091057,-0.00189043823,0,0,118576,215.592,1.29953,26.7771,394.811,-0.152162,0.886027,432.138,2868.08,129.971,129.971,36.8167235286424059,-119.99999975633348,20902339.9846157543,0.571762809943904937
2.8,0.5585515411272747,0.2802636924202113,0.1340055304102213,-0.09684321315598501,0.02926447390475347,0.1394610795934401,0.5619150167306801,0.280211166159352,0.1315275117840376,46.75426346,6068593.838,204.183597366,1237.85565414,204.1827777770693,-0.08301907220483029,0.5725386500846525,0.6874401857506683,0.155536927811495,-0.02068272022236073,0.3866548451883673,-0.5878320469227347,1.153047152660704,1.035561283614916,0.09104362537179024,-33.15706563076998,204.1827777770691,-0.08301907220482997,0.5725386500846216,1118.226162043017,-504.9252105546956,164.0347608106082,61.37677589234927,104.9591828297988,164.0347608106082,204.1760455684861,0.6742592192925484,-1.621488190816173, 2095.562147,-10.78151886, 13.55560491,-10.78151886,        1505, 3.981206865, 13.55560491, 3.981206865, 3150.273856,77.07891053,2479.940644,45.48945604239035,4.22752053510754,35.42644235275195,1969.9724825397,1969.9622365905,0.9247440522478317,0.6152720941436925,0.2150961932100288,0.9999513441576051,0.008059618007277027,0.00538419922067457,0.001833650383117493,-0.2324462982280704,0.7719454067359982,0.4479404325185604,0.386546732458504,0.2324857594218542,-0.7718996726492997,-0.4480192377896564,-0.3865230000922623,0.1606597904066,-0.023295909411146,36.816778829113,37.001562386769,-119.99999834641,-8363786.4057109,-14493337.2267713,12525895.68204571,-8366745.46964091,-14491629.21329112,12525895.68204571,0.011698607570273,1969.9622365905,-3.2587624013649e-09,0.00675413678,19.6924731,19.6924731,0.930499236,1.23344555,41452118.9,70.6764299,1.23344555,1.22669141,0,1,0.523,0,-0.0161398284,-0.174,0.348,0,-0.18376271,-0.459406775,-0.45944947,0,0,-0.00153398437,-1,0.973394356,0,0.215112037,-0.215112037,0,-0.215112037,-0.00375370505,-0.00145402035,-0.0175938488,0,0,0,-100,-99.8944982,-10.0194457,-11.6409339,0,0,0,-0,0.252071565,0.101168922,0.103168922,-0.0584576228,-0.0204017104,-0.0204017104,0.0153012828,0.0153012828,-0.0357029931,-0.0178514966,-0.00677091057,-0.00189043823,0,0,118794,215.989,1.29953,26.8065,395.392,-0.12194,0.882205,432.326,2869.13,129.97,129.97,36.8167794873092546,-119.999999535291636,20902340.0763078481,0.561915016730680117
2.9,0.5491982332658742,0.2831549896940755,0.1486850254378185,-0.08859872905711863,0.02858066072762012,0.1544648387667499,0.5525629130445634,0.2830992418024948,0.1462087125307002,46.78516235,6070589.269,204.251563121,1237.9312108,204.2507551990261,-0.06837666616799298,0.570405703076986,0.6719978378345948,0.1320321485007946,-0.02104526401279116,0.4041140648979553,-0.6183483479630816,1.145952445156663,1.035816495156387,0.08897715358208806,-33.16719800101023,204.2507551990259,-0.06837666616799265,0.570405703076955,1118.265700080512,-504.9855210465996,164.149718971729,61.4133826327425,104.8902628107766,164.1497189717291,204.2429457784338,0.7404221083354381,-1.723923506507657, 2095.555451,-10.78151359, 13.55563481,-10.78151359,  1504.99954, 3.981257201, 13.55563481, 3.981257201, 3150.267443,77.07883902,2479.938343,45.48945371299092,4.22752445759768,35.42642010897035,1970.1397457719,1970.1294989424,0.980323494515096,0.6432498799698645,0.2296241974248008,0.9999457407917648,0.008543432090694336,0.005630310308805032,0.001955721439012771,-0.2329771039363406,0.7717928446765062,0.4479754675676018,0.3864912087036012,0.233017968539854,-0.7717454733771736,-0.4480570710948634,-0.3864665725535582,0.16000799802615,-0.019180731848077,36.81683480657,37.001618467616,-119.9999981043,-8363674.581132342,-14493387.72228245,12525912.09127562,-8366739.330147514,-14491618.72079339,12525912.09127562,0.012116414983497,1970.1294989424,-3.2587623705011e-09,0.00700769829,19.6922987,19.6922987,0.930493535,1.23344515,41452112.1,70.676407,1.23344515,1.22643745,0,1,0.523,0,-0.0171098727,-0.174,0.348,0,-0.183598334,-0.458995835,-0.459035504,0,0,-0.00153398437,-1,1.0191715,0,0.229641112,-0.229641112,0,-0.229641112,-0.0040072374,-0.00157230582,-0.0186821785,0,0,0,-100,-99.9045381,-10.0202856,-11.7442091,0,0,0,-0,0.252071565,0.101168922,0.103168922,-0.0584576228,-0.0204017104,-0.0204017104,0.0153012828,0.0153012828,-0.0357029931,-0.0178514966,-0.00677091057,-0.00189043823,0,0,118991,216.348,1.29953,26.833,395.917,-0.0946833,0.878255,432.486,2870.08,129.969,129.969,36.8168354646436953,-119.999999292109351,20902340.1781658605,0.552562913044563397
3,0.5409094103539337,0.2859976619738681,0.1646045940385064,-0.07536532065405353,0.02831082636373392,0.1637177300823384,0.5442753035163437,0.2859386424598473,0.1621300065232419,46.81533609,6072536.414,204.31795571,1238.00950004,204.3171577195395,-0.0563055014561149,0.5682576447942722,0.6559439339454243,0.1041030649297695,-0.02100633855115319,0.4216377925802632,-0.6487893747876505,1.137967478343171,1.035597902447013,0.08741456530773718,-33.17675372153131,204.3171577195393,-0.05630550145611456,0.5682576447942411,1118.306986968553,-505.0488777923857,164.2639221466581,61.45173610437978,104.8182953324745,164.2639221466581,204.308180108244,0.8096214893769538,-1.827314847740829, 2095.548746,-10.78150831, 13.55566474,-10.78150831, 1504.999079, 3.981307606, 13.55566474, 3.981307606,  3150.26102,77.0787674,2479.936039,45.48945138039736,4.22752838546645,35.42639783468745,1970.3173009008,1970.3070531414,1.03503725624677,0.6714732931661895,0.2457136013388145,0.99993985547091,0.009019541231633689,0.005878791044478862,0.00209120363472704,-0.2335081177560259,0.7716468688386101,0.4479964762465516,0.386437868258637,0.2335503855996892,-0.7715978615952109,-0.4480808776319918,-0.386412324426225,0.15935363008774,-0.015789447512923,36.816890802229,37.001674566607,-119.99999783902,-8363562.752512592,-14493438.22397703,12525928.51196433,-8366733.186906161,-14491608.23534011,12525928.51196433,0.012534222396721,1970.3070531414,0,0.00728851136,19.6921242,19.6921242,0.930487484,1.23344475,41452105.3,70.6763841,1.23344475,1.22615624,0,1,0.523,0,-0.018064808,-0.174,0.348,0,-0.183451795,-0.458629487,-0.458663821,0,0,-0.00153398437,-1,1.06450541,0,0.245731701,-0.245731701,0,-0.245731701,-0.00428801818,-0.00169784843,-0.0197626564,0,0,0,-100,-99.9136225,-10.0210193,-11.8483342,0,0,0,-0,0.252071565,0.101168922,0.103168922,-0.0584576228,-0.0204017104,-0.0204017104,0.0153012828,0.0153012828,-0.0357029931,-0.0178514966,-0.00677091057,-0.00189043823,0,0,119170,216.673,1.29953,26.857,396.391,-0.0714342,0.874238,432.622,2870.95,129.968,129.968,36.816891460201532,-119.999999025743037,20902340.2902897559,0.544275303516343678
3.1,0.5341183459975856,0.2888285755243941,0.1811772247917567,-0.05860264148064025,0.02835386547292848,0.1670357790487777,0.537485461299032,0.2887662230738036,0.1787043822627696,46.84475594,6074433.45,204.38271433,1238.09051864,204.3819248094964,-0.04714676440791132,0.5661319267747302,0.6392929026808594,0.07395855699526777,-0.02061139535486944,0.4392603881156241,-0.6793278682739086,1.129206386062933,1.03491813951869,0.08639603602147698,-33.18591059987289,204.3819248094962,-0.04714676440791096,0.566131926774699,1118.350030881089,-505.1152821590886,164.3772870558456,61.49184439202893,104.7432789750119,164.3772870558456,204.3716837392608,0.8818650761009373,-1.931609840945599, 2095.542033,-10.78150303, 13.55569471,-10.78150303, 1504.998617, 3.981358073, 13.55569471, 3.981358073,  3150.25459,77.0786957,2479.933732,45.48944904491275,4.227532318203463,35.42637553279756,1970.5052407719,1970.4949920238,1.089015617170408,0.6999347145069529,0.2634617165572695,0.9999336796947739,0.009489066030954799,0.006129601700144855,0.002240941973138253,-0.2340405150279463,0.7715076160983823,0.4480032417187071,0.386385987112854,0.2340841858841993,-0.771456974357413,-0.4480904406518676,-0.3863595315643871,0.15870721993787,-0.01321692321721,36.816946815625,37.001730683276,-119.99999754952,-8363450.919676386,-14493488.73215958,12525944.94403209,-8366727.039741804,-14491597.75723595,12525944.94403209,0.012952029809945,1970.4949920238,0,0.00759827441,19.6919494,19.6919494,0.930481079,1.23344435,41452098.4,70.6763612,1.23344435,1.22584608,0,1,0.523,0,-0.0190069081,-0.174,0.348,0,-0.183330864,-0.458327161,-0.458354472,0,0,-0.00153398437,-1,1.1096404,0,0.263481124,-0.263481124,0,-0.263481124,-0.00459774561,-0.00183166905,-0.0208385772,0,0,0,-100,-99.9218425,-10.021656,-11.9532658,0,0,0,-0,0.252071565,0.101168922,0.103168922,-0.0584576228,-0.0204017104,-0.0204017104,0.0153012828,0.0153012828,-0.0357029931,-0.0178514966,-0.00677091057,-0.00189043823,0,0,119332,216.967,1.29953,26.8787,396.82,-0.0528852,0.87021,432.735,2871.73,129.967,129.967,36.8169474735196403,-119.999998735148679,20902340.4127736837,0.537485461299031964
3.2,0.5291068695382383,0.2916740080303566,0.1978164588033882,-0.03986992302668291,0.02859937108574633,0.16464262741725,0.5324752154603116,0.2916082519058306,0.1953453810353211,46.87339412,6076278.618,204.4457802,1238.17427427,204.4449979686994,-0.04102048386225432,0.5640608885956198,0.6220711530623664,0.04378738506012514,-0.01991967921799187,0.457013937083353,-0.7101020220238219,1.119777329310757,1.03380426209393,0.08592222353141726,-33.19481970366073,204.4449979686993,-0.04102048386225392,0.5640608885955884,1118.394843342541,-505.1847511373819,164.4897415580434,61.53371892717288,104.6651966937789,164.4897415580434,204.4333936116105,0.9571712928978582,-2.036772285756852, 2095.535312,-10.78149774, 13.55572471,-10.78149774, 1504.998155, 3.981408597, 13.55572471, 3.981408597, 3150.248152,77.07862391,2479.931423,45.48944670681079,4.227536255347852,35.42635320591417,1970.7036538124,1970.6934040124,1.142424758681794,0.7286306239860126,0.2829069588332362,0.9999271995357566,0.009953442534556337,0.006382735651140605,0.002405264205507854,-0.2345755293080287,0.7713749045073542,0.4479960601131422,0.3863348390570418,0.2346206028805119,-0.7713226298365542,-0.4480860563358895,-0.386307467599783,0.15807785284083,-0.011495960505305,36.817002846275,37.001786817138,-119.99999723477,-8363339.082447469,-14493539.2471356,12525961.38739138,-8366720.888478412,-14491587.28678651,12525961.38739138,0.013369837223169,1970.6934040124,3.2587622778508e-09,0.00793765791,19.6917744,19.6917744,0.930474317,1.23344395,41452091.6,70.6763384,1.23344395,1.22550629,0,1,0.523,0,-0.0199390735,-0.174,0.348,0,-0.183240688,-0.458101721,-0.458120994,0,0,-0.00153398437,-1,1.15480714,0,0.282927798,-0.282927798,0,-0.282927798,-0.00493709008,-0.0019747963,-0.0219138698,0,0,0,-100,-99.9292802,-10.0222036,-12.0589759,0,0,0,-0,0.252071565,0.101168922,0.103168922,-0.0584576228,-0.0204017104,-0.0204017104,0.0153012828,0.0153012828,-0.0357029931,-0.0178514966,-0.00677091057,-0.00189043823,0,0,119478,217.233,1.29953,26.8983,397.208,-0.039359,0.866222,432.83,2872.44,129.966,129.966,36.8170035041162791,-119.999998419277844,20902340.5457076281,0.532475215460311624
3.3,0.5260004300919968,0.2945490160427677,0.2139753034813345,-0.02071725279894146,0.02893425188448773,0.1571248922800303,0.5293700149851794,0.2944797785491496,0.2115060106125946,46.90122433,6078070.256,204.507097888,1238.26078347,204.5063219846362,-0.03783435492907739,0.5620705870816494,0.6043180639738694,0.01561330133287087,-0.01900020480601228,0.4749252943001121,-0.7412082147179611,1.109779792953439,1.032297653685973,0.08595719427557559,-33.20359962619292,204.506321984636,-0.03783435492907695,0.5620705870816181,1118.441438846876,-505.2573134949786,164.6012239171289,61.57737410734186,104.5840196659826,164.6012239171289,204.4932497289016,1.035567021929774,-2.142779205418483, 2095.528584,-10.78149244, 13.55575475,-10.78149244, 1504.997693, 3.981459172, 13.55575475, 3.981459172, 3150.241708,77.07855206,2479.929111,45.48944436633874,4.227540196483246,35.42633085639848,1970.912625514,1970.9023746205,1.195451212133027,0.7575606666087406,0.3040307321689684,0.9999203967044608,0.01041428704024884,0.006638210256679431,0.002583997760353886,-0.2351143502868956,0.7712482753777443,0.4479756776757741,0.3862837457452192,0.2351608262056166,-0.7711943694076205,-0.4480684709463461,-0.3862554540146689,0.15747284009282,-0.01059987106947,36.817058893682,37.001842967694,-119.99999689369,-8363227.240648286,-14493589.76921291,12525977.841948,-8366714.732938668,-14491576.82429976,12525977.841948,0.013787644636393,1970.9023746205,-3.2587622469485e-09,0.0083063373,19.6915993,19.6915993,0.930467195,1.23344355,41452084.7,70.6763155,1.23344355,1.22513721,0,1,0.523,0,-0.0208645597,-0.174,0.348,0,-0.183183682,-0.457959204,-0.457970108,0,0,-0.00153398437,-1,1.20020741,0,0.304053127,-0.304053127,0,-0.304053127,-0.00530572707,-0.00212821663,-0.0229927763,0,0,0,-100,-99.9360101,-10.0226698,-12.165449,0,0,0,-0,0.252071565,0.101168922,0.103168922,-0.0584576228,-0.0204017104,-0.0204017104,0.0153012828,0.0153012828,-0.0357029931,-0.0178514966,-0.00677091057,-0.00189043823,0,0,119611,217.474,1.29953,26.9161,397.558,-0.0308159,0.862317,432.908,2873.08,129.964,129.964,36.817059551491738,-119.999998077074892,20902340.6891788244,0.529370014985179438
3.4,0.5247737126024192,0.2974574884785149,0.2291796630093376,-0.002585090704517466,0.0292497788399651,0.1453662956750591,0.5281445447868168,0.2973846877770723,0.2267121756442241,46.92822244,6079806.843,204.566616616,1238.35006912,204.5658462210224,-0.03730611342154422,0.5601800310952711,0.586085606941565,-0.008828151123666084,-0.01792747414594942,0.4930138790815857,-0.7726970676807916,1.099302073898482,1.03045256064498,0.08643358210079878,-33.21233290930762,204.5658462210222,-0.03730611342154375,0.5601800310952397,1118.489834217173,-505.3330053692805,164.7116818062907,61.62282665626912,104.4997116980281,164.7116818062907,204.5511964675153,1.117084845323233,-2.249617454736425,  2095.52185,-10.78148714, 13.55578481,-10.78148714,  1504.99723, 3.981509793, 13.55578481, 3.981509793, 3150.235258,77.07848013,2479.926797,45.48944202372009,4.227544141233308,35.4263084863846,1971.1322396137,1971.1219875613,1.248286355328569,0.7867265955441312,0.3267629569335785,0.9999132500044285,0.01087326110789605,0.006896057014546892,0.002776518703881771,-0.2356580340058073,0.7711270502376339,0.4479432035096202,0.3862321191069722,0.2357059118284372,-0.7710715146055975,-0.4480387935686878,-0.3862029025660859,0.15689750716461,-0.010448835182896,36.817114957328,37.001899134425,-119.99999652525,-8363115.394099706,-14493640.29870262,12525994.30760202,-8366708.572943681,-14491566.37008694,12525994.30760202,0.014205452049617,1971.1219875613,-3.2587622160374e-09,0.00870308947,19.691424,19.691424,0.930459711,1.23344315,41452077.9,70.6762926,1.23344315,1.22474006,0,1,0.523,0,-0.0217867069,-0.174,0.348,0,-0.183159615,-0.457899036,-0.457901879,0,0,-0.00153398437,-1,1.24600223,0,0.326787027,-0.326787027,0,-0.326787027,-0.00570243362,-0.00229282994,-0.0240795369,0,0,0,-100,-99.9420996,-10.023061,-12.2726785,0,0,0,-0,0.252071565,0.101168922,0.103168922,-0.0584576228,-0.0204017104,-0.0204017104,0.0153012828,0.0153012828,-0.0357029931,-0.0178514966,-0.00677091057,-0.00189043823,0,0,119731,217.692,1.29953,26.9321,397.875,-0.026884,0.858531,432.971,2873.67,129.963,129.963,36.8171156151295662,-119.999997707474421,20902340.8432727605,0.528144544786816827
3.5,0.5252656842805867,0.3003928997604894,0.2430544319586527,0.01328173513513426,0.0294483885530612,0.1304665909271712,0.5286377721022114,0.3003164528079634,0.2405887711869333,46.95436697,6081487.03,204.624291435,1238.44215767,204.6235258055152,-0.03899696445809431,0.5584008449642255,0.56743673190572,-0.0281844237397878,-0.01677701200672743,0.5112903248575549,-0.8045727968548029,1.088419187885329,1.028333539710597,0.08725947051263538,-33.22106471074178,204.623525805515,-0.0389969644580938,0.558400844964194,1118.540047787063,-505.4118656313334,164.8210710799891,61.67009480621381,104.4122338616745,164.8210710799891,204.6071837661844,1.201760018964799,-2.35728010106202, 2095.515111,-10.78148183,  13.5558149,-10.78148183, 1504.996767, 3.981560456,  13.5558149, 3.981560456, 3150.228803,77.07840815,2479.924481,45.48943967915692,4.227548089257761,35.4262860978022,1971.3625788502,1971.352325591,1.301111968408623,0.8161311626595912,0.3509906050887081,0.9999057370176286,0.01133194558049329,0.007156311597353915,0.00298182711021465,-0.2362074302595533,0.7710103978179494,0.4479000054581259,0.3861794938333682,0.2362567094785154,-0.7709532341191243,-0.447998391999396,-0.3861493477834743,0.15635510212063,-0.010919336483096,36.817171036685,37.0019553168,-119.99999612835,-8363003.542620837,-14493690.83591961,12526010.78424873,-8366702.408312817,-14491555.92446309,12526010.78424873,0.014623259462841,1971.352325591,0,0.0091259417,19.6912485,19.6912485,0.930451861,1.23344275,41452071,70.6762698,1.23344275,1.22431681,0,1,0.523,0,-0.0227086878,-0.174,0.348,0,-0.18316586,-0.45791465,-0.457910307,0,0,-0.00153398437,-1,1.2923036,0,0.35101646,-0.35101646,0,-0.35101646,-0.00612523722,-0.00246941349,-0.0251781013,0,0,0,-100,-99.9476096,-10.0233834,-12.3806635,0,0,0,-0,0.252071565,0.101168922,0.103168922,-0.0584576228,-0.0204017104,-0.0204017104,0.0153012828,0.0153012828,-0.0357029931,-0.0178514966,-0.00677091057,-0.00189043823,0,0,119839,217.89,1.29953,26.9466,398.162,-0.0269106,0.854889,433.021,2874.2,129.962,129.962,36.8171716944980361,-119.999997309400172,20902341.008073926,0.528637772102211412
3.6,0.5272023934311637,0.3033397048707878,0.2553410316276425,0.02590082089051265,0.02944952833155411,0.1136518891310228,0.5305757452738953,0.3032595302684302,0.2528772189657763,46.97963956,6083109.668,204.680084159,1238.5370763,204.679322602928,-0.04235300543717635,0.5567373698751368,0.5484427281660375,-0.04154801596630464,-0.01562092920147506,0.5297559790676729,-0.836795683849207,1.077191407155272,1.026012133843588,0.08832641114692627,-33.22980373186502,204.6793226029278,-0.0423530054371758,0.5567373698751051,1118.592098490048,-505.4939313431503,164.9293543664996,61.71919738836291,104.3215490368861,164.9293543664996,204.6611680960158,1.289627413340776,-2.465762798538217, 2095.508366,-10.78147652, 13.55584501,-10.78147652, 1504.996303, 3.981611157, 13.55584501, 3.981611157, 3150.222342,77.07833612,2479.922163,45.48943733283201,4.227552040248829,35.42626369239664,1971.6037254483,1971.5934709186,1.354087717119121,0.8457770314334296,0.3765684496382435,0.9998978358509959,0.01179173119315236,0.007419004400498998,0.003198641847525519,-0.23676313060035,0.7708974058763466,0.4478475972633351,0.3861255485291002,0.2368138106549239,-0.7708386156244718,-0.4479487799107962,-0.3860944681314028,0.15584682671694,-0.011855811416771,36.817227131211,37.002011514276,-119.99999570191,-8362891.686028913,-14493741.3811826,12526027.27177936,-8366696.238863574,-14491545.48774707,12526027.27177936,0.015041066876065,1971.5934709186,-3.2587621541896e-09,0.00957235931,19.691073,19.691073,0.930443643,1.23344236,41452064.1,70.676247,1.23344236,1.22387,0,1,0.523,0,-0.023633289,-0.174,0.348,0,-0.183197783,-0.457994457,-0.45798426,0,0,0,-1,1.33917036,0,0.376596188,-0.376596188,0,-0.376596188,-0.00657160348,-0.00265859579,-0.0262918848,0,0,0,-100,-99.9525952,-10.0236423,-12.4894051,0,0,0,-0,0.252071565,0.101168922,0.103168922,-0.0584576228,-0.0204017104,-0.0204017104,0.0153012828,0.0153012828,-0.0357029931,-0.0178514966,-0.00677091057,-0.00189043823,0,0,119938,218.068,1.29953,26.9596,398.421,-0.0300272,0.851409,433.06,2874.69,129.961,129.961,36.8172277890520618,-119.999996881764545,20902341.183666151,0.530575745273895283
3.7,0.5302254441187799,0.3062752528163855,0.2659058371275324,0.03459668406913527,0.02919397650503082,0.09618307938913345,0.5336000683747113,0.3061912733769844,0.2634438943906814,47.00402523,6084673.832,204.733963989,1238.63485015,204.7332058854143,-0.04675126819498754,0.5551871879308123,0.5291798506453923,-0.04848400816999576,-0.01452380349677185,0.5484031774768123,-0.8692873228405169,1.065663584299426,1.023563106522534,0.08951795762635159,-33.23852529572648,204.7332058854141,-0.04675126819498694,0.5551871879307806,1118.646004938395,-505.5792336046248,165.036499552522,61.7701529129454,104.227626065146,165.0364995525221,204.7131131382082,1.380718640234801,-2.575060370913445, 2095.501617,-10.78147121, 13.55587514,-10.78147121, 1504.995839, 3.981661892, 13.55587514, 3.981661892, 3150.215878,77.07826403,2479.919844,45.48943498491072,4.227555993928049,35.42624127174702,1971.8557611629,1971.8455053202,1.407341240104447,0.8756657834968785,0.4033311445257608,0.9998895267811192,0.01225373169442707,0.00768415218895916,0.003425506988407417,-0.237325438750047,0.7707871526966817,0.4477875251230643,0.3860701150102157,0.2373775190423508,-0.7707267372976576,-0.4478915034164013,-0.3860380953159957,0.15537198569304,-0.013083566231744,36.817283240351,37.002067726296,-119.99999524483,-8362779.824139281,-14493791.93481377,12526043.77008166,-8366690.064411575,-14491535.06026123,12526043.77008166,0.01545887428929,1971.8455053202,-3.2587621232535e-09,0.0100394564,19.6908973,19.6908973,0.930435054,1.23344196,41452057.2,70.6762241,1.23344196,1.2234025,0,1,0.523,0,-0.0245627383,-0.174,0.348,0,-0.18324923,-0.458123075,-0.458108681,0,0,0,-1,1.38660796,0,0.403360854,-0.403360854,0,-0.403360854,-0.00703864691,-0.00286084158,-0.0274235799,0,0,0,-100,-99.9571064,-10.0238428,-12.5989032,0,0,0,-0,0.252071565,0.101168922,0.103168922,-0.0584576228,-0.0204017104,-0.0204017104,0.0153012828,0.0153012828,-0.0357029931,-0.0178514966,-0.00677091057,-0.00189043823,0,0,120027,218.23,1.29953,26.9715,398.655,-0.0352253,0.848096,433.089,2875.13,129.96,129.96,36.8172838982352957,-119.999996423469256,20902341.3701326326,0.533600068374711412
3.8,0.5339238400302508,0.3091720486529194,0.2747395993637292,0.03902159201216632,0.02864630364640262,0.07926866966014749,0.5372997450333729,0.3090841935278515,0.2722795484818588,47.02751255,6086178.821,204.785907792,1238.73549995,204.7851526429724,-0.05154694093849344,0.5537420241298889,0.5097255558041864,-0.04902374942640053,-0.01353918049657921,0.5672161741034216,-0.9019381364010286,1.053865335123596,1.021060559045709,0.09071810408891587,-33.24717631604691,204.7851526429722,-0.05154694093849278,0.5537420241298571,1118.701784563399,-505.6677940435889,165.142478242884,61.8229787107417,104.1304432596524,165.142478242884,204.7629901251754,1.475059554150982,-2.685163799645848, 2095.494864,-10.78146589, 13.55590528,-10.78146589, 1504.995375, 3.981712659, 13.55590528, 3.981712659, 3150.209409,77.0781919,2479.917523,45.48943263554271,4.227559950043403,35.42621883728248,1972.1187670827,1972.1085098554,1.460961293922712,0.9057970790264216,0.4311057267075907,0.9998807936557702,0.01271872347390196,0.007951751329967217,0.003660901840763227,-0.2378943636098509,0.770678773493956,0.4477212612216085,0.3860131760687036,0.2379478435233081,-0.7706167342335496,-0.447828034610647,-0.3859802120557364,0.15492824155609,-0.014421999177641,36.817339363544,37.002123952298,-119.99999475601,-8362667.956765484,-14493842.49713794,12526060.27904038,-8366683.884770647,-14491524.64233053,12526060.27904038,0.015876681702514,1972.1085098554,0,0.0105242144,19.6907214,19.6907214,0.930426091,1.23344156,41452050.3,70.6762013,1.23344156,1.22291734,0,1,0.523,0,-0.0254985848,-0.174,0.348,0,-0.183313083,-0.458282708,-0.458265958,0,0,0,-1,1.434572,0,0.431137483,-0.431137483,0,-0.431137483,-0.00752334907,-0.00307644807,-0.0285750329,0,0,0,-100,-99.9611883,-10.0239892,-12.709153,0,0,0,-0,0.252071565,0.101168922,0.103168922,-0.0584576228,-0.0204017104,-0.0204017104,0.0153012828,0.0153012828,-0.0357029931,-0.0178514966,-0.00677091057,-0.00189043823,0,0,120107,218.377,1.29953,26.9821,398.867,-0.0414349,0.84495,433.109,2875.53,129.959,129.959,36.8173400214823587,-119.999995933406865,20902341.5675556324,0.537299745033372855
3.9,0.5378668310824029,0.3120001720722748,0.2819485666403946,0.03915302442031182,0.02779538423762206,0.06398760904828983,0.5412440250123776,0.3119083783227323,0.2794904294348295,47.05009359,6087624.16,204.835900026,1238.83904005,204.8351475132172,-0.05611850359991166,0.5523889533816515,0.4901547093201383,-0.0436276154160975,-0.01270695500983265,0.5861725852718944,-0.9346165203996755,1.041812064415904,1.018574230337971,0.09181906786705547,-33.25568175803944,204.8351475132171,-0.05611850359991096,0.5523889533816196,1118.759452875617,-505.7596221448747,165.2472642811848,61.87769019449995,104.0299910765231,165.2472642811849,204.8107778291439,1.572668277075281,-2.796057781071743, 2095.488107,-10.78146057, 13.55593545,-10.78146057,  1504.99491, 3.981763454, 13.55593545, 3.981763454, 3150.202937,77.07811973,2479.915201,45.48943028486347,4.227563908366745,35.42619639029682,1972.3928230964,1972.3825644316,1.514994172192369,0.9361680153831439,0.4597236707911143,0.9998716249430046,0.01318711363094736,0.00822177295865451,0.003903346940317,-0.2384696335387338,0.7705715176471785,0.4476501107912205,0.3859548527735264,0.2385245124574872,-0.7705078556932938,-0.4477596786395467,-0.3859209393858417,0.15451195431873,-0.015697216399441,36.817395500219,37.002180191708,-119.99999423433,-8362556.083719411,-14493893.06848151,12526076.79853755,-8366677.699752975,-14491514.23428156,12526076.79853755,0.016294489115738,1972.3825644316,3.2587620613584e-09,0.0110236917,19.6905455,19.6905455,0.930416751,1.23344116,41452043.4,70.6761786,1.23344116,1.22241747,0,1,0.523,0,-0.0264416365,-0.174,0.348,0,-0.183381831,-0.458454578,-0.458437355,0,0,0,-1,1.48297488,0,0.459757535,-0.459757535,0,-0.459757535,-0.00802276898,-0.00330555186,-0.0297471883,0,0,0,-100,-99.9648817,-10.0240857,-12.8201434,0,0,0,-0,0.252071565,0.101168922,0.103168922,-0.0584576228,-0.0204017104,-0.0204017104,0.0153012828,0.0153012828,-0.0357029931,-0.0178514966,-0.00677091057,-0.00189043823,0,0,120181,218.51,1.29953,26.9918,399.058,-0.0476018,0.841961,433.123,2875.9,129.958,129.958,36.8173961582211362,-119.999995410462887,20902341.776015982,0.541244025012377561
4,0.541635498787909,0.3147296616844473,0.2877385192303296,0.03526961491356631,0.0266530822751799,0.05122656733717666,0.5450139895519545,0.3146338752277263,0.2852823171689218,47.07176374,6089009.591,204.883932315,1238.945477,204.8831823447605,-0.05990789159387511,0.5511118174602814,0.4705361048138451,-0.03312163130156542,-0.01205181350967166,0.6052451974767532,-0.967178893043517,1.029506736860032,1.016166236918048,0.09272794005080495,-33.26395208413336,204.8831823447603,-0.05990789159387435,0.5511118174602494,1118.819022889009,-505.854713545537,165.3508324114256,61.93430028411298,103.9262738198246,165.3508324114257,204.8564622090521,1.673553848142993,-2.907718971256926, 2095.481346,-10.78145525, 13.55596563,-10.78145525, 1504.994446, 3.981814275, 13.55596563, 3.981814275, 3150.196462,77.07804753,2479.912878,45.4894279329957,4.227567868691477,35.42617393196161,1972.6780071557,1972.6677469933,1.569443380515087,0.9667727104512367,0.4890317211831974,0.9998620143564548,0.0136589363788148,0.008494160263582407,0.004151499183272666,-0.2390507292504329,0.7704647936038415,0.4475751378766936,0.385895382994517,0.239107006578147,-0.7703995100226582,-0.4476874994739072,-0.3858605151824772,0.15411857948783,-0.016753238567718,36.817451649803,37.002236443953,-119.99999367866,-8362444.204811517,-14493943.64917115,12526093.32845264,-8366671.50916932,-14491503.83644116,12526093.32845264,0.016712296528962,1972.6677469933,0,0.0115352137,19.6903695,19.6903695,0.930407033,1.23344076,41452036.4,70.6761558,1.23344076,1.22190555,0,1,0.523,0,-0.0273919544,-0.174,0.348,0,-0.183448125,-0.458620313,-0.458604407,0,0,0,-1,1.53169497,0,0.489067744,-0.489067744,0,-0.489067744,-0.00853423213,-0.00354814529,-0.0309400997,0,0,0,-100,-99.9682237,-10.0241357,-12.9318547,0,0,0,-0,0.252071565,0.101168922,0.103168922,-0.0584576228,-0.0204017104,-0.0204017104,0.0153012828,0.0153012828,-0.0357029931,-0.0178514966,-0.00677091057,-0.00189043823,0,0,120247,218.63,1.29953,27.0005,399.231,-0.0527574,0.839115,433.13,2876.23,129.956,129.956,36.8174523078749942,-119.999994853518714,20902341.9955923036,0.545013989551954459
4.1,0.5448510634127617,0.317332694340565,0.2923933192991245,0.02790873262980746,0.0252513953467095,0.04163483952938338,0.5482308585144117,0.3172328702501967,0.2899390732486355,47.09252136,6090335.044,204.930002727,1239.05480881,204.929255439812,-0.06245335167611277,0.5498927434374394,0.4509295738450524,-0.01861417241953689,-0.011582818496926,0.6244039885828858,-0.999479895785349,1.016942231410777,1.013888456066503,0.0933718381457328,-33.27189111687746,204.9292554398118,-0.06245335167611196,0.5498927434374073,1118.880504737811,-505.9530493490136,165.4531571475115,61.99281902430548,103.8193103276395,165.4531571475115,204.9000357503037,1.777715549506236,-3.020114983816607, 2095.474583,-10.78144993, 13.55599582,-10.78144993, 1504.993981, 3.981865118, 13.55599582, 3.981865118, 3150.189983,77.07797529,2479.910554,45.48942558005051,4.227571830830459,35.42615146333811,1972.9743944407,1972.9641327349,1.624272332143042,0.9976021193360172,0.5189008666316016,0.9998519610250555,0.0141338757912909,0.00876882791707557,0.004404230514857909,-0.2396369316309039,0.7703581993675687,0.4474971133412601,0.3858350932936532,0.2396946068074958,-0.7702912951518501,-0.4476122679226841,-0.3857992660513969,0.1537430939187,-0.017461150028135,36.817507811719,37.002292708453,-119.99999308789,-8362332.319851102,-14493994.23953238,12526109.86866259,-8366665.312829293,-14491493.44913502,12526109.86866259,0.017130103942186,1972.9641327349,0,0.0120565286,19.6901935,19.6901935,0.930396932,1.23344037,41452029.5,70.6761331,1.23344037,1.22138384,0,1,0.523,0,-0.0283489001,-0.174,0.348,0,-0.18350528,-0.458763199,-0.458750188,0,0,0.00153398437,-1,1.58058744,0,0.51893909,-0.51893909,0,-0.51893909,-0.00905548711,-0.00380410049,-0.0321530006,0,0,0,-100,-99.9712476,-10.0241426,-13.0442576,0,0,0,-0,0.252071565,0.101168922,0.103168922,-0.0584576228,-0.0204017104,-0.0204017104,0.0153012828,0.0153012828,-0.0357029931,-0.0178514966,-0.00677091057,-0.00189043823,0,0,120307,218.739,1.29953,27.0084,399.388,-0.0560778,0.836394,433.131,2876.54,129.955,129.955,36.8175084698648121,-119.999994261454518,20902342.2263601869,0.548230858514411667
4.2,0.5471982613596085,0.3197854224332091,0.2962498305112243,0.01780988085983714,0.02363844273594121,0.03559861669721618,0.5505793677633302,0.3196815246174342,0.2937975605046619,47.1123674,6091600.615,204.974114807,1239.16702478,204.9733705456305,-0.06341332023806157,0.5487136518727311,0.4313838830208274,-0.001399848628157008,-0.01129411103293165,0.643618217329589,-1.031382025603705,1.004104076559113,1.011780692509902,0.09370132258245874,-33.27940374306796,204.9733705456303,-0.06341332023806069,0.5487136518726989,1118.943905500152,-506.0545964368677,165.5542118990917,62.05325340879327,103.7091336605026,165.5542118990918,204.9414965513918,1.88514290982626,-3.133204149539156, 2095.467816, -10.7814446, 13.55602603, -10.7814446, 1504.993515, 3.981915983, 13.55602603, 3.981915983, 3150.183502,77.07790302,2479.908229,45.48942322612862,4.227575794614125,35.42612898538788,1973.2820564285,1973.2717931076,1.679409644089033,1.028644077062113,0.5492329945423611,0.9998414692134646,0.01461131128208096,0.009045663526310964,0.004660686113376272,-0.2402273800554861,0.77025153761017,0.4474164868963536,0.3857743666110686,0.2402864525705243,-0.7701830137171989,-0.4475344336685157,-0.3857375750086673,0.1533804182928,-0.017725729299714,36.817563985389,37.002348984627,-119.99999246089,-8362220.428646602,-14494044.83988808,12526126.41904174,-8366659.110541656,-14491483.07268622,12526126.41904174,0.01754791135541,1973.2717931076,0,0.0125859241,19.6900173,19.6900173,0.930386448,1.23343997,41452022.5,70.6761104,1.23343997,1.22085405,0,1,0.523,0,-0.0293112278,-0.174,0.348,0,-0.183547686,-0.458869216,-0.458860372,0,0,0.00153398437,-1,1.62949586,0,0.549273452,-0.549273452,0,-0.549273452,-0.00958482173,-0.00407319889,-0.0333844267,0,0,0,-100,-99.9739838,-10.0241094,-13.1573135,0,0,0,-0,0.252071565,0.101168922,0.103168922,-0.0584576228,-0.0204017104,-0.0204017104,0.0153012828,0.0153012828,-0.0357029931,-0.0178514966,-0.00677091057,-0.00189043823,0,0,120361,218.838,1.29953,27.0155,399.529,-0.0569283,0.833778,433.128,2876.82,129.954,129.954,36.8175646436106945,-119.999993633152499,20902342.4683913104,0.550579367763330163
4.3,0.5484425924647023,0.3220693730464282,0.2996711694743363,0.00584875532743391,0.0218737251178198,0.03323492473419355,0.5518250164650955,0.3219613733701539,0.2972208945089528,47.13130479,6092806.527,205.016276441,1239.28210594,205.0155356793807,-0.06258038508055108,0.5475576498138537,0.4119355186453681,0.0171419768153519,-0.011166611416634,0.6628584455378448,-1.062764064083858,0.9909733476055003,1.009869702893421,0.09369197368274387,-33.28640292601317,205.0155356793805,-0.06258038508055015,0.5475576498138214,1119.00922922839,-506.1593086885714,165.6539683809196,62.11560741085091,103.5957898817429,165.6539683809197,204.9808472257462,1.995816340568238,-3.246935992272989, 2095.461047,-10.78143927, 13.55605625,-10.78143927,  1504.99305, 3.981966867, 13.55605625, 3.981966867, 3150.177019,77.07783072,2479.905903,45.48942087132129,4.227579759888781,35.42610649898248,1973.6010599881,1973.5907949964,1.734756469839331,1.059883546592528,0.5799649534227376,0.999830547633543,0.01509038095015362,0.009324530855871397,0.004920319695608227,-0.2408211364139776,0.7701448155590893,0.4473333831884281,0.3857136082755337,0.2408816058157791,-0.7700746729550707,-0.4474541213582569,-0.3856758474836907,0.15302580691982,-0.01748930408527,36.817620170234,37.002405271897,-119.99999179655,-8362108.5310059,-14494095.45055719,12526142.9794617,-8366652.902114622,-14491472.70741387,12526142.9794617,0.017965718768634,1973.5907949964,6.5175238749718e-09,0.013122298,19.6898411,19.6898411,0.930375577,1.23343958,41452015.6,70.6760877,1.23343958,1.22031728,0,1,0.523,0,-0.0302772121,-0.174,0.348,0,-0.183571126,-0.458927816,-0.458924042,0,0,0.00153398437,-1,1.67826383,0,0.580007674,-0.580007674,0,-0.580007674,-0.0101211339,-0.00435516391,-0.034632376,0,0,0,-100,-99.9764596,-10.0240387,-13.2709747,0,0,0,-0,0.252071565,0.101168922,0.103168922,-0.0584576228,-0.0204017104,-0.0204017104,0.0153012828,0.0153012828,-0.0357029931,-0.0178514966,-0.00677091057,-0.00189043823,0,0,120410,218.928,1.29953,27.0219,399.657,-0.0548918,0.831245,433.121,2877.07,129.953,129.953,36.8176208285335207,-119.999992967500035,20902342.7217525542,0.551825016465095519
4.4,0.5484407376087393,0.3241723556268163,0.3030202181758567,-0.007032904365057014,0.02002307652431711,0.03440417818118276,0.551824484712326,0.3240602325753613,0.3005719560545149,47.14933796,6093953.1,205.056498627,1239.40002603,205.0557618763561,-0.05988513218526759,0.5464102190793483,0.3926083672177912,0.03564676974538505,-0.01117052031305121,0.6820983704305252,-1.093527798584969,0.9775295136073723,1.008169087481029,0.09334415813994941,-33.29281557941077,205.055761876356,-0.0598851321852666,0.5464102190793159,1119.076477173155,-506.2671289625019,165.75239631117,62.17988220728322,103.4793360765456,165.7523963111701,205.0180936957509,2.109708320429414,-3.361252328001852, 2095.454276,-10.78143394, 13.55608648,-10.78143394, 1504.992585, 3.982017769, 13.55608648, 3.982017769, 3150.170533,77.0777584,2479.903576,45.48941851571129,4.227583726515075,35.42608400491218,1973.9314665236,1973.921199799,1.790195209832855,1.091303041183217,0.6110699469282662,0.9998192084158308,0.01557005708720578,0.009605274477065349,0.00518290529174266,-0.241417250032253,0.7700382308276773,0.4472476203517846,0.3856532127965638,0.2414791159320617,-0.7699664705350909,-0.4473711491572611,-0.38561447810231,0.1526751799152,-0.016732780485139,36.817676365676,37.002461569682,-119.99999109376,-8361996.626736612,-14494146.07185343,12526159.54979113,-8366646.687356144,-14491462.35363192,12526159.54979113,0.018383526181858,1973.921199799,-3.2587619065025e-09,0.0136651825,19.6896648,19.6896648,0.930364318,1.23343918,41452008.6,70.676065,1.23343918,1.219774,0,1,0.523,0,-0.0312448007,-0.174,0.348,0,-0.183572962,-0.458932404,-0.458934195,0,0,0.00153398437,-1,1.72674567,0,0.611114959,-0.611114959,0,-0.611114959,-0.010663956,-0.00464969428,-0.0358944949,0,0,0,-100,-99.9786998,-10.023933,-13.3851853,0,0,0,-0,0.252071565,0.101168922,0.103168922,-0.0584576228,-0.0204017104,-0.0204017104,0.0153012828,0.0153012828,-0.0357029931,-0.0178514966,-0.00677091057,-0.00189043823,0,0,120455,219.009,1.29953,27.0276,399.772,-0.0497808,0.828777,433.111,2877.3,129.952,129.952,36.817677024055925,-119.999992263392329,20902342.9865052253,0.551824484712326035
4.5,0.5471439597186328,0.3260888651625163,0.3066351653236031,-0.01989661657448382,0.01815368603236921,0.03873911306154901,0.5505290345451336,0.3259726021694612,0.3041889325485114,47.16647225,6095040.708,205.094794237,1239.52075286,205.0940619483762,-0.05539037810890868,0.5452601322904229,0.3734142226180132,0.05285591193346961,-0.01126837072437326,0.701316361356465,-1.123602690764063,0.9637530468623936,1.006679998829965,0.09268113515276295,-33.29858697488009,205.0940619483761,-0.05539037810890763,0.5452601322903904,1119.14564817667,-506.3779916486536,165.8494633840444,62.24607657138537,103.3598377992341,165.8494633840444,205.053243958634,2.226785012006506,-3.476088856964967, 2095.447503,-10.78142861, 13.55611671,-10.78142861, 1504.992119, 3.982068686, 13.55611671, 3.982068686, 3150.164046,77.07768606,2479.901248,45.48941615937366,4.227587694366607,35.42606150389376,1974.2733313218,1974.2630628042,1.845598897459524,1.122883182723009,0.6425563687385709,0.9998074658320226,0.01604922775332978,0.009887725436174976,0.005448526476908884,-0.2420148189866604,0.7699321452175804,0.4471587480393802,0.385593533663835,0.2420780810576711,-0.7698587683618805,-0.4472850667793634,-0.3855538204763956,0.15232537897811,-0.015473990657142,36.817732571142,37.002517877407,-119.99999035143,-8361884.715646359,-14494196.7040844,12526176.1298956,-8366640.46607419,-14491452.01164815,12526176.1298956,0.018801333595082,1974.2630628042,-6.5175237510271e-09,0.0142147243,19.6894885,19.6894885,0.930352668,1.23343878,41452001.6,70.6760423,1.23343878,1.21922406,0,1,0.523,0,-0.0322117774,-0.174,0.348,0,-0.183552205,-0.458880512,-0.45888795,0,0,0.00306796875,-1,1.7748157,0,0.6426037,-0.6426037,0,-0.6426037,-0.0112134346,-0.0049564959,-0.0371682733,0,0,0,-100,-99.9807268,-10.0237944,-13.4998832,0,0,0,-0,0.252071565,0.101168922,0.103168922,-0.0584576228,-0.0204017104,-0.0204017104,0.0153012828,0.0153012828,-0.0357029931,-0.0178514966,-0.00677091057,-0.00189043823,0,0,120495,219.082,1.29953,27.0328,399.877,-0.0416319,0.826357,433.098,2877.51,129.951,129.951,36.8177332296030357,-119.999991519734834,20902343.262704432,0.550529034545133578
4.6,0.5445947899128968,0.327820002820877,0.3108085754128658,-0.03187098063322236,0.01632950333034233,0.04568691841425074,0.5479811961214328,0.327699586396224,0.3083643871365747,47.18271334,6096069.747,205.131176848,1239.64425005,205.1304493292476,-0.04927690190845624,0.544100054880488,0.3543539947524709,0.06769376191821852,-0.01141835806752312,0.7204966165189504,-1.152948322134282,0.9496276459309456,1.005392565859533,0.09174575446511403,-33.30368349156741,205.1304493292474,-0.04927690190845514,0.5441000548804554,1119.216739201381,-506.4918255777685,165.9451354851001,62.31418740094839,103.2373661640641,165.9451354851001,205.0863069010211,2.347008173661041,-3.591377094482307, 2095.440728,-10.78142328, 13.55614696,-10.78142328, 1504.991653, 3.982119617, 13.55614696, 3.982119617, 3150.157556,77.0776137,2479.89892,45.48941380237654,4.227591663328679,35.42603899657765,1974.6267029978,1974.6164326384,1.900840565799189,1.154603353008203,0.6744643519617242,0.9997953348742967,0.01652677837852548,0.01017170750229324,0.005717545496789137,-0.2426130438970362,0.7698270491837351,0.4470661008530916,0.3855348580142802,0.2426777018684223,-0.7697520570359844,-0.447195208914177,-0.3854941618610293,0.15197433520779,-0.013763673457005,36.817788786057,37.002574194497,-119.99998956847,-8361772.797542975,-14494247.34755081,12526192.71963732,-8366634.238076947,-14491441.68176348,12526192.71963732,0.019219141008306,1974.6164326384,0,0.0147716236,19.6893121,19.6893121,0.930340626,1.23343839,41451994.6,70.6760197,1.23343839,1.21866677,0,1,0.523,0,-0.0331759264,-0.174,0.348,0,-0.18350947,-0.458773676,-0.458786455,0,0,0.00306796875,-1,1.82237542,0,0.674514034,-0.674514034,0,-0.674514034,-0.0117702699,-0.00527531006,-0.0384512365,0,0,0,-100,-99.9825609,-10.023625,-13.6150021,0,0,0,-0,0.252071565,0.101168922,0.103168922,-0.0584576228,-0.0204017104,-0.0204017104,0.0153012828,0.0153012828,-0.0357029931,-0.0178514966,-0.00677091057,-0.00189043823,0,0,120532,219.148,1.29953,27.0375,399.971,-0.0306871,0.823975,433.083,2877.71,129.949,129.949,36.8177894446028375,-119.999990735444953,20902343.5503986329,0.547981196121432923
4.7,0.5409177333256406,0.3293729641417019,0.3157711336297224,-0.04220609934864124,0.0146072707795112,0.05456072768303535,0.5443054735695746,0.3292483819401186,0.3133290036640624,47.19806681,6097040.607,205.165659703,1239.77047885,205.1649370698014,-0.0418222825804806,0.5429268181274836,0.3354194613989694,0.07932652334386492,-0.01157767998880388,0.7396298813936113,-1.181554619155399,0.9351419678876809,1.004287891157974,0.09059607593791151,-33.30809365541672,205.1649370698012,-0.04182228258047943,0.5429268181274509,1119.289745952703,-506.6085570632648,166.039377105042,62.38421034020591,103.1119948031621,166.0393771050421,205.1172912309934,2.470337219169215,-3.707046475588549, 2095.433951,-10.78141794, 13.55617721,-10.78141794, 1504.991188, 3.982170561, 13.55617721, 3.982170561, 3150.151065,77.07754132,2479.896591,45.48941144478174,4.227595633297167,35.42601648355433,1974.9916232079,1974.9813509342,1.955801954504694,1.186442392585929,0.7068604403977077,0.9997828298045243,0.01700166780556389,0.0104570435530841,0.005990555902081355,-0.2432112710944954,0.7697235200835573,0.4469688623631029,0.385477387560686,0.2432773247409577,-0.7696469140960095,-0.4471007592416709,-0.3854357040738365,0.1516211448895,-0.011679538873736,36.817845009851,37.002630520379,-119.99998874382,-8361660.872234661,-14494298.00254611,12526209.31887502,-8366628.003172973,-14491431.36427158,12526209.31887502,0.01963694842153,1974.9813509342,0,0.015337042,19.6891357,19.6891357,0.930328191,1.233438,41451987.6,70.6759971,1.233438,1.21810095,0,1,0.523,0,-0.0341351836,-0.174,0.348,0,-0.18344682,-0.45861705,-0.458634525,0,0,0.00306796875,-1,1.86935838,0,0.706912509,-0.706912509,0,-0.706912509,-0.0123356233,-0.00560593663,-0.0397411203,0,0,0,-100,-99.9842204,-10.0234265,-13.7304729,0,0,0,-0,0.252071565,0.101168922,0.103168922,-0.0584576228,-0.0204017104,-0.0204017104,0.0153012828,0.0153012828,-0.0357029931,-0.0178514966,-0.00677091057,-0.00189043823,0,0,120565,219.208,1.29953,27.0417,400.056,-0.0173607,0.821622,433.066,2877.88,129.948,129.948,36.8178456684861004,-119.999989909453078,20902343.8496293426,0.544305473569574594
4.8,0.5363050801557109,0.3307601659434849,0.3216808122237577,-0.0503156097927604,0.01303335560061437,0.06459628216733722,0.5396941560679382,0.3306314049061724,0.3192407531033825,47.21253773,6097953.64,205.198254866,1239.89940006,205.1975370283664,-0.03337479436418267,0.5417413734728029,0.3165953924894075,0.08720030031411419,-0.01170564553439135,0.7587137005954716,-1.209440017961938,0.9202908115357005,1.003340451194721,0.08930028929540475,-33.31182754517187,205.1975370283662,-0.03337479436418144,0.5417413734727702,1119.364663550407,-506.7281128606649,166.1321518995991,62.4561404502727,102.9837969069154,166.132151899599,205.1462045843648,2.596731278142972,-3.823026471195681, 2095.427173,-10.78141261, 13.55620747,-10.78141261, 1504.990722, 3.982221517, 13.55620747, 3.982221517, 3150.144572,77.07746892,2479.894262,45.48940908664545,4.227599604177496,35.42599396536011,1975.3681265302,1975.3578522908,2.010381010021578,1.218379301682342,0.7398308850281005,0.9997699627855496,0.0174729939930132,0.01074356168013755,0.006268323151028288,-0.2438090230192766,0.7696221775209028,0.4468661345564326,0.3854212266455519,0.2438764721469429,-0.7695439593531862,-0.4470008198744667,-0.385378551540868,0.15126605621673,-0.0093189626240401,36.817901241956,37.002686854485,-119.99998787641,-8361548.939530089,-14494348.66935637,12526225.92746385,-8366621.761171306,-14491421.05945874,12526225.92746385,0.020054755834754,1975.3578522908,3.258761782517e-09,0.0159124849,19.6889592,19.6889592,0.930315362,1.2334376,41451980.5,70.6759746,1.2334376,1.21752512,0,1,0.523,0,-0.0350877678,-0.174,0.348,0,-0.183367523,-0.458418808,-0.458440057,0,0,0.00460195312,-1,1.91573245,0,0.739885382,-0.739885382,0,-0.739885382,-0.0129109999,-0.00594825082,-0.0410360187,0,0,0,-100,-99.9857221,-10.0232006,-13.846227,0,0,0,-0,0.252071565,0.101168922,0.103168922,-0.0584576228,-0.0204017104,-0.0204017104,0.0153012828,0.0153012828,-0.0357029931,-0.0178514966,-0.00677091057,-0.00189043823,0,0,120595,219.263,1.29953,27.0455,400.132,-0.00219905,0.819297,433.049,2878.04,129.947,129.947,36.8179019006860955,-119.999989040703156,20902344.1604311168,0.539694156067938358
4.9,0.5309991584189167,0.3319980975239187,0.3286177809252568,-0.05580440002966963,0.01164149306921597,0.0750095403177622,0.5343895706274526,0.3318651422127605,0.3261798040188975,47.22613039,6098809.148,205.228972598,1240.03097577,205.2282592854544,-0.02432450021115606,0.5405484600819932,0.2978618789113755,0.09105732825175816,-0.01176635772649348,0.7777522076416954,-1.236647859876637,0.9050757360858164,1.002520714098322,0.08793133201732618,-33.31491475132967,205.2282592854543,-0.02432450021115477,0.5405484600819603,1119.441487201891,-506.8504228520488,166.2234233394594,62.52997288143702,102.8528425393014,166.2234233394595,205.1730528467309,2.726151120587447,-3.939248567559309, 2095.420393,-10.78140727, 13.55623774,-10.78140727, 1504.990255, 3.982272483, 13.55623774, 3.982272483, 3150.138079,77.07739651,2479.891932,45.48940672801869,4.22760357588372,35.42597144248237,1975.7562405802,1975.7459643002,2.064497756381034,1.250393899751953,0.7734741238428376,0.9997567426978777,0.01794004566557573,0.01103110064081416,0.00655171811809841,-0.244406014735209,0.7695236390469882,0.4467570075822377,0.3853663777307227,0.2444748591649524,-0.7694438105813152,-0.4468944810959967,-0.3853227067800727,0.15091037595737,-0.0067909086445452,36.817957481805,37.002743196245,-119.9999869652,-8361436.999238415,-14494399.34826049,12526242.54525529,-8366615.511881471,-14491410.76760408,12526242.54525529,0.020472563247978,1975.7459643002,0,0.0164996701,19.6887827,19.6887827,0.930302137,1.23343721,41451973.5,70.675952,1.23343721,1.21693754,0,1,0.523,0,-0.0360322832,-0.174,0.348,0,-0.183275749,-0.458189372,-0.458213283,0,0,0.00460195312,-1,1.96149973,0,0.773531099,-0.773531099,0,-0.773531099,-0.0134981177,-0.00630221311,-0.0423344964,0,0,0,-100,-99.9870808,-10.0229487,-13.9621973,0,0,0,-0,0.252071565,0.101168922,0.103168922,-0.0584576228,-0.0204017104,-0.0204017104,0.0153012828,0.0153012828,-0.0357029931,-0.0178514966,-0.00677091057,-0.00189043823,0,0,120622,219.312,1.29953,27.0489,400.201,0.0141668,0.817003,433.03,2878.19,129.946,129.946,36.8179581406381189,-119.99998812815231,20902344.4828316718,0.534389570627452626
5,0.5252725057509369,0.3331059902418072,0.3365849706351823,-0.05848121210668412,0.01045149650661853,0.08505125846211399,0.52866425392274,0.3329688214625706,0.3341490862948309,47.2388481,6099607.371,205.257820983,1240.16517102,205.2571117951551,-0.01507371231835553,0.5393560344052162,0.2791967102756355,0.09093092623119681,-0.01173082754871757,0.7967554897362614,-1.263241406431213,0.8895051369102553,1.001797787892369,0.08656159387556604,-33.31740115722494,205.2571117951549,-0.01507371231835416,0.5393560344051832,1119.52021283273,-506.9754222973623,166.3131553945996,62.60570350274065,102.7191963863431,166.3131553945997,205.1978397158727,2.858560827907151,-4.055647983938261, 2095.413612,-10.78140193, 13.55626801,-10.78140193, 1504.989789, 3.982323459, 13.55626801, 3.982323459, 3150.131583,77.07732408,2479.889602,45.48940436894789,4.227607548337682,35.42594891536434,1976.1559862755,1976.1457079119,2.118098257331399,1.282467404342935,0.8078930159546216,0.9997431742286487,0.01840233743939342,0.01131951434668685,0.006841648554827993,-0.2450021564751125,0.7694284792148163,0.4466406250357471,0.3853127440967878,0.2450723960245042,-0.7693470425595084,-0.4467808866369351,-0.3852680730967216,0.15055630974162,-0.004207684238665,36.818013728833,37.002799545094,-119.99998600916,-8361325.051169249,-14494450.03953059,12526259.17209721,-8366609.255113455,-14491400.48897996,12526259.17209721,0.020890370661202,1976.1457079119,0,0.0171003931,19.6886062,19.6886062,0.930288515,1.23343682,41451966.4,70.6759295,1.23343682,1.21633642,0,1,0.523,0,-0.0369677885,-0.174,0.348,0,-0.183176224,-0.457940559,-0.457965917,0,0,0.0061359375,-1,2.00669404,0,0.807952526,-0.807952526,0,-0.807952526,-0.0140987716,-0.00666787212,-0.0436356606,0,0,0,-100,-99.9883102,-10.0226722,-14.0783202,0,0,0,-0,0.252071565,0.101168922,0.103168922,-0.0584576228,-0.0204017104,-0.0204017104,0.0153012828,0.0153012828,-0.0357029931,-0.0178514966,-0.00677091057,-0.00189043823,0,0,120646,219.356,1.29953,27.052,400.264,0.0310704,0.814745,433.01,2878.32,129.945,129.945,36.8180143877787387,-119.999987170770126,20902344.8168522082,0.528664253922739968
